id,生词:string,HSK级别:string,备注:string
1,喂,一级,叹词
2,爱,一级,
3,八,一级,
4,爸爸,一级,
5,杯子,一级,
6,北京,一级,
7,本,一级,
8,不,一级,
9,不客气,一级,
10,菜,一级,
11,茶,一级,
12,吃,一级,
13,出租车,一级,
14,打电话,一级,
15,大,一级,
16,的,一级,
17,点,一级,
18,电脑,一级,
19,电视,一级,
20,电影,一级,
21,东西,一级,
22,都,一级,
23,读,一级,
24,对不起,一级,
25,多,一级,
26,多少,一级,
27,儿子,一级,
28,二,一级,
29,饭店,一级,
30,飞机,一级,
31,分钟,一级,
32,高兴,一级,
33,个,一级,
34,工作,一级,
35,狗,一级,
36,汉语,一级,
37,好,一级,
38,号,一级,
39,喝,一级,
40,和,一级,
41,很,一级,
42,后面,一级,
43,回,一级,
44,会,一级,
45,几,一级,
46,家,一级,
47,叫,一级,
48,今天,一级,
49,九,一级,
50,开,一级,
51,看,一级,
52,看见,一级,
53,块,一级,
54,来,一级,
55,老师,一级,
56,了,一级,
57,冷,一级,
58,里,一级,
59,六,一级,
60,妈妈,一级,
61,吗,一级,
62,买,一级,
63,猫,一级,
64,没关系,一级,
65,没有,一级,
66,米饭,一级,
67,名字,一级,
68,明天,一级,
69,哪,一级,
70,哪儿,一级,
71,那,一级,
72,呢,一级,
73,能,一级,
74,你,一级,
75,年,一级,
76,女儿,一级,
77,朋友,一级,
78,漂亮,一级,
79,苹果,一级,
80,七,一级,
81,前面,一级,
82,钱,一级,
83,请,一级,
84,去,一级,
85,热,一级,
86,人,一级,
87,认识,一级,
88,三,一级,
89,商店,一级,
90,上,一级,
91,上午,一级,
92,少,一级,
93,谁,一级,
94,什么,一级,
95,十,一级,
96,时候,一级,
97,是,一级,
98,书,一级,
99,水,一级,
100,水果,一级,
101,睡觉,一级,
102,说,一级,
103,四,一级,
104,岁,一级,
105,他,一级,
106,她,一级,
107,太,一级,
108,天气,一级,
109,听,一级,
110,同学,一级,
111,我,一级,
112,我们,一级,
113,五,一级,
114,喜欢,一级,
115,下,一级,
116,下午,一级,
117,下雨,一级,
118,先生,一级,
119,现在,一级,
120,想,一级,
121,小,一级,
122,小姐,一级,
123,些,一级,
124,写,一级,
125,谢谢,一级,
126,星期,一级,
127,学生,一级,
128,学习,一级,
129,学校,一级,
130,一,一级,
131,一点儿,一级,
132,衣服,一级,
133,医生,一级,
134,医院,一级,
135,椅子,一级,
136,有,一级,
137,月,一级,
138,再见,一级,
139,在,一级,
140,怎么,一级,
141,怎么样,一级,
142,这,一级,
143,中国,一级,
144,中午,一级,
145,住,一级,
146,桌子,一级,
147,字,一级,
148,昨天,一级,
149,坐,一级,
150,做,一级,
151,哎,五级,
152,唉,五级,
153,爱护,五级,
154,爱惜,五级,
155,爱心,五级,
156,安慰,五级,
157,安装,五级,
158,岸,五级,
159,暗,五级,
160,熬夜,五级,
161,把握,五级,
162,摆,五级,
163,办理,五级,
164,傍晚,五级,
165,包裹,五级,
166,包含,五级,
167,包括,五级,
168,薄,五级,
169,宝贝,五级,
170,宝贵,五级,
171,保持,五级,
172,保存,五级,
173,保留,五级,
174,保险,五级,
175,报到,五级,
176,报道,五级,
177,报告,五级,
178,报社,五级,
179,抱怨,五级,
180,背,五级,
181,悲观,五级,
182,背景,五级,
183,被子,五级,
184,本科,五级,
185,本领,五级,
186,本质,五级,
187,比例,五级,
188,彼此,五级,
189,必然,五级,
190,必要,五级,
191,毕竟,五级,
192,避免,五级,
193,编辑,五级,
194,鞭炮,五级,
195,便,五级,
196,辩论,五级,
197,标点,五级,
198,标志,五级,
199,表达,五级,
200,表面,五级,
201,表明,五级,
202,表情,五级,
203,表现,五级,
204,冰激凌,五级,
205,病毒,五级,
206,玻璃,五级,
207,播放,五级,
208,脖子,五级,
209,博物馆,五级,
210,补充,五级,
211,不安,五级,
212,不得了,五级,
213,不断,五级,
214,不见得,五级,
215,不耐烦,五级,
216,不然,五级,
217,不如,五级,
218,不要紧,五级,
219,不足,五级,
220,布,五级,
221,步骤,五级,
222,部门,五级,
223,财产,五级,
224,采访,五级,
225,采取,五级,
226,彩虹,五级,
227,踩,五级,
228,参考,五级,
229,参与,五级,
230,惭愧,五级,
231,操场,五级,
232,操心,五级,
233,册,五级,
234,测验,五级,
235,曾经,五级,
236,叉子,五级,
237,差距,五级,
238,插,五级,
239,拆,五级,
240,产品,五级,
241,产生,五级,
242,长途,五级,
243,常识,五级,
244,抄,五级,
245,超级,五级,
246,朝,五级,
247,潮湿,五级,
248,吵,五级,
249,吵架,五级,
250,炒,五级,
251,车库,五级,
252,车厢,五级,
253,彻底,五级,
254,沉默,五级,
255,趁,五级,
256,称,五级,
257,称呼,五级,
258,称赞,五级,
259,成分,五级,
260,成果,五级,
261,成就,五级,
262,成立,五级,
263,成人,五级,
264,成熟,五级,
265,成语,五级,
266,成长,五级,
267,诚恳,五级,
268,承担,五级,
269,承认,五级,
270,承受,五级,
271,程度,五级,
272,程序,五级,
273,吃亏,五级,
274,池塘,五级,
275,迟早,五级,
276,持续,五级,
277,尺子,五级,
278,翅膀,五级,
279,冲,五级,
280,充电器,五级,
281,充分,五级,
282,充满,五级,
283,重复,五级,
284,宠物,五级,
285,抽屉,五级,
286,抽象,五级,
287,丑,五级,
288,臭,五级,
289,出版,五级,
290,出口,五级,
291,出色,五级,
292,出示,五级,
293,出席,五级,
294,初级,五级,
295,除非,五级,
296,除夕,五级,
297,处理,五级,
298,传播,五级,
299,传染,五级,
300,传说,五级,
301,传统,五级,
302,窗帘,五级,
303,闯,五级,
304,创造,五级,
305,吹,五级,
306,词汇,五级,
307,辞职,五级,
308,此外,五级,
309,次要,五级,
310,刺激,五级,
311,匆忙,五级,
312,从此,五级,
313,从而,五级,
314,从前,五级,
315,从事,五级,
316,粗糙,五级,
317,促进,五级,
318,促使,五级,
319,醋,五级,
320,催,五级,
321,存在,五级,
322,措施,五级,
323,答应,五级,
324,达到,五级,
325,打工,五级,
326,打交道,五级,
327,打喷嚏,五级,
328,打听,五级,
329,大方,五级,
330,大厦,五级,
331,大象,五级,
332,大型,五级,
333,呆,五级,
334,代表,五级,
335,代替,五级,
336,贷款,五级,
337,待遇,五级,
338,担任,五级,
339,单纯,五级,
340,单调,五级,
341,单独,五级,
342,单位,五级,
343,单元,五级,
344,耽误,五级,
345,胆小鬼,五级,
346,淡,五级,
347,当地,五级,
348,当心,五级,
349,挡,五级,
350,导演,五级,
351,导致,五级,
352,岛屿,五级,
353,倒霉,五级,
354,到达,五级,
355,道德,五级,
356,道理,五级,
357,登记,五级,
358,等待,五级,
359,等于,五级,
360,滴,五级,
361,的确,五级,
362,敌人,五级,
363,地道,五级,
364,地理,五级,
365,地区,五级,
366,地毯,五级,
367,地位,五级,
368,地震,五级,
369,递,五级,
370,点心,五级,
371,电池,五级,
372,电台,五级,
373,钓,五级,
374,顶,五级,
375,动画片,五级,
376,冻,五级,
377,洞,五级,
378,豆腐,五级,
379,逗,五级,
380,独立,五级,
381,独特,五级,
382,度过,五级,
383,断,五级,
384,堆,五级,
385,对比,五级,
386,对待,五级,
387,对方,五级,
388,对手,五级,
389,对象,五级,
390,兑换,五级,
391,吨,五级,
392,蹲,五级,
393,顿,五级,
394,多亏,五级,
395,多余,五级,
396,朵,五级,
397,躲藏,五级,
398,恶劣,五级,
399,耳环,五级,
400,发表,五级,
401,发愁,五级,
402,发达,五级,
403,发抖,五级,
404,发挥,五级,
405,发明,五级,
406,发票,五级,
407,发言,五级,
408,罚款,五级,
409,法院,五级,
410,翻,五级,
411,繁荣,五级,
412,反而,五级,
413,反复,五级,
414,反应,五级,
415,反映,五级,
416,反正,五级,
417,范围,五级,
418,方,五级,
419,方案,五级,
420,方式,五级,
421,妨碍,五级,
422,仿佛,五级,
423,非,五级,
424,肥皂,五级,
425,废话,五级,
426,分别,五级,
427,分布,五级,
428,分配,五级,
429,分手,五级,
430,分析,五级,
431,纷纷,五级,
432,奋斗,五级,
433,风格,五级,
434,风景,五级,
435,风俗,五级,
436,风险,五级,
437,疯狂,五级,
438,讽刺,五级,
439,否定,五级,
440,否认,五级,
441,扶,五级,
442,服装,五级,
443,幅,五级,
444,辅导,五级,
445,妇女,五级,
446,复制,五级,
447,改革,五级,
448,改进,五级,
449,改善,五级,
450,改正,五级,
451,盖,五级,
452,概括,五级,
453,概念,五级,
454,干脆,五级,
455,干燥,五级,
456,赶紧,五级,
457,赶快,五级,
458,感激,五级,
459,感受,五级,
460,感想,五级,
461,干活儿,五级,
462,钢铁,五级,
463,高档,五级,
464,高级,五级,
465,搞,五级,
466,告别,五级,
467,格外,五级,
468,隔壁,五级,
469,个别,五级,
470,个人,五级,
471,个性,五级,
472,各自,五级,
473,根,五级,
474,根本,五级,
475,工厂,五级,
476,工程师,五级,
477,工具,五级,
478,工人,五级,
479,工业,五级,
480,公布,五级,
481,公开,五级,
482,公平,五级,
483,公寓,五级,
484,公元,五级,
485,公主,五级,
486,功能,五级,
487,恭喜,五级,
488,贡献,五级,
489,沟通,五级,
490,构成,五级,
491,姑姑,五级,
492,姑娘,五级,
493,古代,五级,
494,古典,五级,
495,股票,五级,
496,骨头,五级,
497,鼓舞,五级,
498,鼓掌,五级,
499,固定,五级,
500,挂号,五级,
501,乖,五级,
502,拐弯,五级,
503,怪不得,五级,
504,关闭,五级,
505,观察,五级,
506,观点,五级,
507,观念,五级,
508,官,五级,
509,管子,五级,
510,冠军,五级,
511,光滑,五级,
512,光临,五级,
513,光明,五级,
514,光盘,五级,
515,广场,五级,
516,广大,五级,
517,广泛,五级,
518,归纳,五级,
519,规矩,五级,
520,规律,五级,
521,规模,五级,
522,规则,五级,
523,柜台,五级,
524,滚,五级,
525,锅,五级,
526,国庆节,五级,
527,国王,五级,
528,果然,五级,
529,果实,五级,
530,过分,五级,
531,过敏,五级,
532,过期,五级,
533,哈,五级,
534,海关,五级,
535,海鲜,五级,
536,喊,五级,
537,行业,五级,
538,豪华,五级,
539,好客,五级,
540,好奇,五级,
541,合法,五级,
542,合理,五级,
543,合同,五级,
544,合影,五级,
545,合作,五级,
546,何必,五级,
547,何况,五级,
548,和平,五级,
549,核心,五级,
550,恨,五级,
551,猴子,五级,
552,后背,五级,
553,后果,五级,
554,呼吸,五级,
555,忽然,五级,
556,忽视,五级,
557,胡说,五级,
558,胡同,五级,
559,壶,五级,
560,蝴蝶,五级,
561,糊涂,五级,
562,花生,五级,
563,划,五级,
564,华裔,五级,
565,滑,五级,
566,化学,五级,
567,话题,五级,
568,怀念,五级,
569,怀孕,五级,
570,缓解,五级,
571,幻想,五级,
572,慌张,五级,
573,黄金,五级,
574,灰,五级,
575,灰尘,五级,
576,灰心,五级,
577,挥,五级,
578,恢复,五级,
579,汇率,五级,
580,婚礼,五级,
581,婚姻,五级,
582,活跃,五级,
583,火柴,五级,
584,伙伴,五级,
585,或许,五级,
586,机器,五级,
587,肌肉,五级,
588,基本,五级,
589,激烈,五级,
590,及格,五级,
591,极其,五级,
592,急忙,五级,
593,急诊,五级,
594,集合,五级,
595,集体,五级,
596,集中,五级,
597,计算,五级,
598,记录,五级,
599,记忆,五级,
600,纪录,五级,
601,纪律,五级,
602,纪念,五级,
603,系领带,五级,
604,寂寞,五级,
605,夹子,五级,
606,家庭,五级,
607,家务,五级,
608,家乡,五级,
609,嘉宾,五级,
610,甲,五级,
611,假如,五级,
612,假设,五级,
613,假装,五级,
614,价值,五级,
615,驾驶,五级,
616,嫁,五级,
617,坚决,五级,
618,坚强,五级,
619,肩膀,五级,
620,艰巨,五级,
621,艰苦,五级,
622,兼职,五级,
623,捡,五级,
624,剪刀,五级,
625,简历,五级,
626,简直,五级,
627,建立,五级,
628,建设,五级,
629,建筑,五级,
630,健身,五级,
631,键盘,五级,
632,讲究,五级,
633,讲座,五级,
634,酱油,五级,
635,交换,五级,
636,交际,五级,
637,交往,五级,
638,浇,五级,
639,胶水,五级,
640,角度,五级,
641,狡猾,五级,
642,教材,五级,
643,教练,五级,
644,教训,五级,
645,阶段,五级,
646,结实,五级,
647,接触,五级,
648,接待,五级,
649,接近,五级,
650,节省,五级,
651,结构,五级,
652,结合,五级,
653,结论,五级,
654,结账,五级,
655,戒,五级,
656,戒指,五级,
657,届,五级,
658,借口,五级,
659,金属,五级,
660,尽快,五级,
661,尽量,五级,
662,紧急,五级,
663,谨慎,五级,
664,尽力,五级,
665,进步,五级,
666,进口,五级,
667,近代,五级,
668,经典,五级,
669,经商,五级,
670,经营,五级,
671,精力,五级,
672,精神,五级,
673,酒吧,五级,
674,救,五级,
675,救护车,五级,
676,舅舅,五级,
677,居然,五级,
678,桔子,五级,
679,巨大,五级,
680,具备,五级,
681,具体,五级,
682,俱乐部,五级,
683,据说,五级,
684,捐,五级,
685,决赛,五级,
686,决心,五级,
687,角色,五级,
688,绝对,五级,
689,军事,五级,
690,均匀,五级,
691,卡车,五级,
692,开发,五级,
693,开放,五级,
694,开幕式,五级,
695,开水,五级,
696,砍,五级,
697,看不起,五级,
698,看望,五级,
699,靠,五级,
700,颗,五级,
701,可见,五级,
702,可靠,五级,
703,可怕,五级,
704,克,五级,
705,克服,五级,
706,刻苦,五级,
707,客观,五级,
708,课程,五级,
709,空间,五级,
710,空闲,五级,
711,控制,五级,
712,口味,五级,
713,夸,五级,
714,夸张,五级,
715,会计,五级,
716,宽,五级,
717,昆虫,五级,
718,扩大,五级,
719,辣椒,五级,
720,拦,五级,
721,烂,五级,
722,朗读,五级,
723,劳动,五级,
724,劳驾,五级,
725,老百姓,五级,
726,老板,五级,
727,老婆,五级,
728,老实,五级,
729,老鼠,五级,
730,姥姥,五级,
731,乐观,五级,
732,雷,五级,
733,类型,五级,
734,冷淡,五级,
735,厘米,五级,
736,离婚,五级,
737,梨,五级,
738,理论,五级,
739,理由,五级,
740,力量,五级,
741,立即,五级,
742,立刻,五级,
743,利润,五级,
744,利息,五级,
745,利益,五级,
746,利用,五级,
747,连忙,五级,
748,连续,五级,
749,联合,五级,
750,恋爱,五级,
751,良好,五级,
752,粮食,五级,
753,亮,五级,
754,了不起,五级,
755,列车,五级,
756,临时,五级,
757,灵活,五级,
758,铃,五级,
759,零件,五级,
760,零食,五级,
761,领导,五级,
762,领域,五级,
763,浏览,五级,
764,流传,五级,
765,流泪,五级,
766,龙,五级,
767,漏,五级,
768,陆地,五级,
769,陆续,五级,
770,录取,五级,
771,录音,五级,
772,轮流,五级,
773,论文,五级,
774,逻辑,五级,
775,落后,五级,
776,骂,五级,
777,麦克风,五级,
778,馒头,五级,
779,满足,五级,
780,毛病,五级,
781,矛盾,五级,
782,冒险,五级,
783,贸易,五级,
784,眉毛,五级,
785,媒体,五级,
786,煤炭,五级,
787,美术,五级,
788,魅力,五级,
789,梦想,五级,
790,秘密,五级,
791,秘书,五级,
792,密切,五级,
793,蜜蜂,五级,
794,面对,五级,
795,面积,五级,
796,面临,五级,
797,苗条,五级,
798,描写,五级,
799,敏感,五级,
800,名牌,五级,
801,名片,五级,
802,名胜古迹,五级,
803,明确,五级,
804,明显,五级,
805,明星,五级,
806,命令,五级,
807,命运,五级,
808,摸,五级,
809,模仿,五级,
810,模糊,五级,
811,模特,五级,
812,摩托车,五级,
813,陌生,五级,
814,某,五级,
815,木头,五级,
816,目标,五级,
817,目录,五级,
818,目前,五级,
819,哪怕,五级,
820,难怪,五级,
821,难免,五级,
822,脑袋,五级,
823,内部,五级,
824,内科,五级,
825,嫩,五级,
826,能干,五级,
827,能源,五级,
828,嗯,五级,
829,年代,五级,
830,年纪,五级,
831,念,五级,
832,宁可,五级,
833,牛仔裤,五级,
834,农村,五级,
835,农民,五级,
836,农业,五级,
837,浓,五级,
838,女士,五级,
839,欧洲,五级,
840,偶然,五级,
841,拍,五级,
842,派,五级,
843,盼望,五级,
844,培训,五级,
845,培养,五级,
846,赔偿,五级,
847,佩服,五级,
848,配合,五级,
849,盆,五级,
850,碰,五级,
851,批,五级,
852,批准,五级,
853,披,五级,
854,疲劳,五级,
855,匹,五级,
856,片,五级,
857,片面,五级,
858,飘,五级,
859,拼音,五级,
860,频道,五级,
861,平,五级,
862,平安,五级,
863,平常,五级,
864,平等,五级,
865,平方,五级,
866,平衡,五级,
867,平静,五级,
868,平均,五级,
869,评价,五级,
870,凭,五级,
871,迫切,五级,
872,破产,五级,
873,破坏,五级,
874,期待,五级,
875,期间,五级,
876,其余,五级,
877,奇迹,五级,
878,企业,五级,
879,启发,五级,
880,气氛,五级,
881,汽油,五级,
882,谦虚,五级,
883,签,五级,
884,前途,五级,
885,浅,五级,
886,欠,五级,
887,枪,五级,
888,强调,五级,
889,强烈,五级,
890,墙,五级,
891,抢,五级,
892,悄悄,五级,
893,瞧,五级,
894,巧妙,五级,
895,切,五级,
896,亲爱,五级,
897,亲切,五级,
898,亲自,五级,
899,勤奋,五级,
900,青,五级,
901,青春,五级,
902,青少年,五级,
903,轻视,五级,
904,轻易,五级,
905,清淡,五级,
906,情景,五级,
907,情绪,五级,
908,请求,五级,
909,庆祝,五级,
910,球迷,五级,
911,趋势,五级,
912,取消,五级,
913,娶,五级,
914,去世,五级,
915,圈,五级,
916,权力,五级,
917,权利,五级,
918,全面,五级,
919,劝,五级,
920,缺乏,五级,
921,确定,五级,
922,确认,五级,
923,群,五级,
924,燃烧,五级,
925,绕,五级,
926,热爱,五级,
927,热烈,五级,
928,热心,五级,
929,人才,五级,
930,人口,五级,
931,人类,五级,
932,人民币,五级,
933,人生,五级,
934,人事,五级,
935,人物,五级,
936,人员,五级,
937,忍不住,五级,
938,日常,五级,
939,日程,五级,
940,日历,五级,
941,日期,五级,
942,日用品,五级,
943,日子,五级,
944,如何,五级,
945,如今,五级,
946,软,五级,
947,软件,五级,
948,弱,五级,
949,洒,五级,
950,嗓子,五级,
951,色彩,五级,
952,杀,五级,
953,沙漠,五级,
954,沙滩,五级,
955,傻,五级,
956,晒,五级,
957,删除,五级,
958,闪电,五级,
959,扇子,五级,
960,善良,五级,
961,善于,五级,
962,伤害,五级,
963,商品,五级,
964,商务,五级,
965,商业,五级,
966,上当,五级,
967,蛇,五级,
968,舍不得,五级,
969,设备,五级,
970,设计,五级,
971,设施,五级,
972,射击,五级,
973,摄影,五级,
974,伸,五级,
975,身材,五级,
976,身份,五级,
977,深刻,五级,
978,神话,五级,
979,神秘,五级,
980,升,五级,
981,生产,五级,
982,生动,五级,
983,生长,五级,
984,声调,五级,
985,绳子,五级,
986,省略,五级,
987,胜利,五级,
988,失眠,五级,
989,失去,五级,
990,失业,五级,
991,诗,五级,
992,狮子,五级,
993,湿润,五级,
994,石头,五级,
995,时差,五级,
996,时代,五级,
997,时刻,五级,
998,时髦,五级,
999,时期,五级,
1000,时尚,五级,
1001,实话,五级,
1002,实践,五级,
1003,实习,五级,
1004,实现,五级,
1005,实验,五级,
1006,实用,五级,
1007,食物,五级,
1008,使劲儿,五级,
1009,始终,五级,
1010,士兵,五级,
1011,市场,五级,
1012,似的,五级,
1013,事实,五级,
1014,事物,五级,
1015,事先,五级,
1016,试卷,五级,
1017,收获,五级,
1018,收据,五级,
1019,手工,五级,
1020,手术,五级,
1021,手套,五级,
1022,手续,五级,
1023,手指,五级,
1024,首,五级,
1025,寿命,五级,
1026,受伤,五级,
1027,书架,五级,
1028,梳子,五级,
1029,舒适,五级,
1030,输入,五级,
1031,蔬菜,五级,
1032,熟练,五级,
1033,属于,五级,
1034,鼠标,五级,
1035,数,五级,
1036,数据,五级,
1037,数码,五级,
1038,摔倒,五级,
1039,甩,五级,
1040,双方,五级,
1041,税,五级,
1042,说不定,五级,
1043,说服,五级,
1044,丝绸,五级,
1045,丝毫,五级,
1046,私人,五级,
1047,思考,五级,
1048,思想,五级,
1049,撕,五级,
1050,似乎,五级,
1051,搜索,五级,
1052,宿舍,五级,
1053,随身,五级,
1054,随时,五级,
1055,随手,五级,
1056,碎,五级,
1057,损失,五级,
1058,缩短,五级,
1059,所,五级,
1060,锁,五级,
1061,台阶,五级,
1062,太极拳,五级,
1063,太太,五级,
1064,谈判,五级,
1065,坦率,五级,
1066,烫,五级,
1067,逃,五级,
1068,逃避,五级,
1069,桃,五级,
1070,淘气,五级,
1071,讨价还价,五级,
1072,套,五级,
1073,特色,五级,
1074,特殊,五级,
1075,特征,五级,
1076,疼爱,五级,
1077,提倡,五级,
1078,提纲,五级,
1079,提问,五级,
1080,题目,五级,
1081,体会,五级,
1082,体贴,五级,
1083,体现,五级,
1084,体验,五级,
1085,天空,五级,
1086,天真,五级,
1087,调皮,五级,
1088,调整,五级,
1089,挑战,五级,
1090,通常,五级,
1091,统一,五级,
1092,痛苦,五级,
1093,痛快,五级,
1094,偷,五级,
1095,投入,五级,
1096,投资,五级,
1097,透明,五级,
1098,突出,五级,
1099,土地,五级,
1100,土豆,五级,
1101,吐,五级,
1102,兔子,五级,
1103,团,五级,
1104,推辞,五级,
1105,推广,五级,
1106,推荐,五级,
1107,退,五级,
1108,退步,五级,
1109,退休,五级,
1110,歪,五级,
1111,外公,五级,
1112,外交,五级,
1113,完美,五级,
1114,完善,五级,
1115,完整,五级,
1116,玩具,五级,
1117,万一,五级,
1118,王子,五级,
1119,网络,五级,
1120,往返,五级,
1121,危害,五级,
1122,威胁,五级,
1123,微笑,五级,
1124,违反,五级,
1125,围巾,五级,
1126,围绕,五级,
1127,唯一,五级,
1128,维修,五级,
1129,伟大,五级,
1130,尾巴,五级,
1131,委屈,五级,
1132,未必,五级,
1133,未来,五级,
1134,位于,五级,
1135,位置,五级,
1136,胃,五级,
1137,胃口,五级,
1138,温暖,五级,
1139,温柔,五级,
1140,文件,五级,
1141,文具,五级,
1142,文明,五级,
1143,文学,五级,
1144,文字,五级,
1145,闻,五级,
1146,吻,五级,
1147,稳定,五级,
1148,问候,五级,
1149,卧室,五级,
1150,握手,五级,
1151,屋子,五级,
1152,无奈,五级,
1153,无数,五级,
1154,无所谓,五级,
1155,武术,五级,
1156,勿,五级,
1157,物理,五级,
1158,物质,五级,
1159,雾,五级,
1160,吸取,五级,
1161,吸收,五级,
1162,戏剧,五级,
1163,系,五级,
1164,系统,五级,
1165,细节,五级,
1166,瞎,五级,
1167,下载,五级,
1168,吓,五级,
1169,夏令营,五级,
1170,鲜艳,五级,
1171,显得,五级,
1172,显然,五级,
1173,显示,五级,
1174,县,五级,
1175,现代,五级,
1176,现实,五级,
1177,现象,五级,
1178,限制,五级,
1179,相处,五级,
1180,相当,五级,
1181,相对,五级,
1182,相关,五级,
1183,相似,五级,
1184,香肠,五级,
1185,享受,五级,
1186,想念,五级,
1187,想象,五级,
1188,项,五级,
1189,项链,五级,
1190,项目,五级,
1191,象棋,五级,
1192,象征,五级,
1193,消费,五级,
1194,消化,五级,
1195,消极,五级,
1196,消失,五级,
1197,销售,五级,
1198,小麦,五级,
1199,小气,五级,
1200,孝顺,五级,
1201,效率,五级,
1202,歇,五级,
1203,斜,五级,
1204,写作,五级,
1205,血,五级,
1206,心理,五级,
1207,心脏,五级,
1208,欣赏,五级,
1209,信号,五级,
1210,信任,五级,
1211,行动,五级,
1212,行人,五级,
1213,行为,五级,
1214,形成,五级,
1215,形容,五级,
1216,形式,五级,
1217,形势,五级,
1218,形象,五级,
1219,形状,五级,
1220,幸亏,五级,
1221,幸运,五级,
1222,性质,五级,
1223,兄弟,五级,
1224,胸,五级,
1225,休闲,五级,
1226,修改,五级,
1227,虚心,五级,
1228,叙述,五级,
1229,宣布,五级,
1230,宣传,五级,
1231,学历,五级,
1232,学术,五级,
1233,学问,五级,
1234,寻找,五级,
1235,询问,五级,
1236,训练,五级,
1237,迅速,五级,
1238,押金,五级,
1239,牙齿,五级,
1240,延长,五级,
1241,严肃,五级,
1242,演讲,五级,
1243,宴会,五级,
1244,阳台,五级,
1245,痒,五级,
1246,样式,五级,
1247,腰,五级,
1248,摇,五级,
1249,咬,五级,
1250,要不,五级,
1251,业务,五级,
1252,业余,五级,
1253,夜,五级,
1254,一辈子,五级,
1255,一旦,五级,
1256,一律,五级,
1257,一再,五级,
1258,一致,五级,
1259,依然,五级,
1260,移动,五级,
1261,移民,五级,
1262,遗憾,五级,
1263,疑问,五级,
1264,乙,五级,
1265,以及,五级,
1266,以来,五级,
1267,亿,五级,
1268,义务,五级,
1269,议论,五级,
1270,意外,五级,
1271,意义,五级,
1272,因而,五级,
1273,因素,五级,
1274,银,五级,
1275,印刷,五级,
1276,英俊,五级,
1277,英雄,五级,
1278,迎接,五级,
1279,营养,五级,
1280,营业,五级,
1281,影子,五级,
1282,应付,五级,
1283,应用,五级,
1284,硬,五级,
1285,硬件,五级,
1286,拥抱,五级,
1287,拥挤,五级,
1288,勇气,五级,
1289,用功,五级,
1290,用途,五级,
1291,优惠,五级,
1292,优美,五级,
1293,优势,五级,
1294,悠久,五级,
1295,犹豫,五级,
1296,油炸,五级,
1297,游览,五级,
1298,有利,五级,
1299,幼儿园,五级,
1300,娱乐,五级,
1301,与其,五级,
1302,语气,五级,
1303,玉米,五级,
1304,预报,五级,
1305,预订,五级,
1306,预防,五级,
1307,元旦,五级,
1308,员工,五级,
1309,原料,五级,
1310,原则,五级,
1311,圆,五级,
1312,愿望,五级,
1313,乐器,五级,
1314,晕,五级,
1315,运气,五级,
1316,运输,五级,
1317,运用,五级,
1318,灾害,五级,
1319,再三,五级,
1320,在乎,五级,
1321,在于,五级,
1322,赞成,五级,
1323,赞美,五级,
1324,糟糕,五级,
1325,造成,五级,
1326,则,五级,
1327,责备,五级,
1328,摘,五级,
1329,窄,五级,
1330,粘贴,五级,
1331,展开,五级,
1332,展览,五级,
1333,占,五级,
1334,战争,五级,
1335,长辈,五级,
1336,涨,五级,
1337,掌握,五级,
1338,账户,五级,
1339,招待,五级,
1340,着火,五级,
1341,着凉,五级,
1342,召开,五级,
1343,照常,五级,
1344,哲学,五级,
1345,针对,五级,
1346,珍惜,五级,
1347,真实,五级,
1348,诊断,五级,
1349,阵,五级,
1350,振动,五级,
1351,争论,五级,
1352,争取,五级,
1353,征求,五级,
1354,睁,五级,
1355,整个,五级,
1356,整齐,五级,
1357,整体,五级,
1358,正,五级,
1359,证件,五级,
1360,证据,五级,
1361,政府,五级,
1362,政治,五级,
1363,挣,五级,
1364,支,五级,
1365,支票,五级,
1366,执照,五级,
1367,直,五级,
1368,指导,五级,
1369,指挥,五级,
1370,至今,五级,
1371,至于,五级,
1372,志愿者,五级,
1373,制定,五级,
1374,制度,五级,
1375,制造,五级,
1376,制作,五级,
1377,治疗,五级,
1378,秩序,五级,
1379,智慧,五级,
1380,中介,五级,
1381,中心,五级,
1382,中旬,五级,
1383,种类,五级,
1384,重大,五级,
1385,重量,五级,
1386,周到,五级,
1387,猪,五级,
1388,竹子,五级,
1389,逐步,五级,
1390,逐渐,五级,
1391,主持,五级,
1392,主动,五级,
1393,主观,五级,
1394,主人,五级,
1395,主任,五级,
1396,主题,五级,
1397,主席,五级,
1398,主张,五级,
1399,煮,五级,
1400,注册,五级,
1401,祝福,五级,
1402,抓,五级,
1403,抓紧,五级,
1404,专家,五级,
1405,专心,五级,
1406,转变,五级,
1407,转告,五级,
1408,装,五级,
1409,装饰,五级,
1410,装修,五级,
1411,状况,五级,
1412,状态,五级,
1413,撞,五级,
1414,追,五级,
1415,追求,五级,
1416,咨询,五级,
1417,姿势,五级,
1418,资格,五级,
1419,资金,五级,
1420,资料,五级,
1421,资源,五级,
1422,紫,五级,
1423,自从,五级,
1424,自动,五级,
1425,自豪,五级,
1426,自觉,五级,
1427,自私,五级,
1428,自由,五级,
1429,自愿,五级,
1430,字母,五级,
1431,字幕,五级,
1432,综合,五级,
1433,总裁,五级,
1434,总共,五级,
1435,总理,五级,
1436,总算,五级,
1437,总统,五级,
1438,总之,五级,
1439,阻止,五级,
1440,组,五级,
1441,组成,五级,
1442,组合,五级,
1443,组织,五级,
1444,最初,五级,
1445,醉,五级,
1446,尊敬,五级,
1447,遵守,五级,
1448,作品,五级,
1449,作为,五级,
1450,作文,五级,
1451,得,四级,助动词
1452,等,四级,助词
1453,爱情,四级,
1454,安排,四级,
1455,安全,四级,
1456,按时,四级,
1457,按照,四级,
1458,百分之,四级,
1459,棒,四级,
1460,包子,四级,
1461,保护,四级,
1462,保证,四级,
1463,报名,四级,
1464,抱,四级,
1465,抱歉,四级,
1466,倍,四级,
1467,本来,四级,
1468,笨,四级,
1469,比如,四级,
1470,毕业,四级,
1471,遍,四级,
1472,标准,四级,
1473,表格,四级,
1474,表示,四级,
1475,表演,四级,
1476,表扬,四级,
1477,饼干,四级,
1478,并且,四级,
1479,博士,四级,
1480,不得不,四级,
1481,不管,四级,
1482,不过,四级,
1483,不仅,四级,
1484,部分,四级,
1485,擦,四级,
1486,猜,四级,
1487,材料,四级,
1488,参观,四级,
1489,餐厅,四级,
1490,厕所,四级,
1491,差不多,四级,
1492,长城,四级,
1493,长江,四级,
1494,尝,四级,
1495,场,四级,
1496,超过,四级,
1497,成功,四级,
1498,成为,四级,
1499,诚实,四级,
1500,乘坐,四级,
1501,吃惊,四级,
1502,重新,四级,
1503,抽烟,四级,
1504,出差,四级,
1505,出发,四级,
1506,出生,四级,
1507,出现,四级,
1508,厨房,四级,
1509,传真,四级,
1510,窗户,四级,
1511,词语,四级,
1512,从来,四级,
1513,粗心,四级,
1514,存,四级,
1515,错误,四级,
1516,答案,四级,
1517,打扮,四级,
1518,打扰,四级,
1519,打印,四级,
1520,打招呼,四级,
1521,打折,四级,
1522,打针,四级,
1523,大概,四级,
1524,大使馆,四级,
1525,大约,四级,
1526,大夫,四级,
1527,戴,四级,
1528,当,四级,
1529,当时,四级,
1530,刀,四级,
1531,导游,四级,
1532,到处,四级,
1533,到底,四级,
1534,倒,四级,
1535,道歉,四级,
1536,得意,四级,
1537,登机牌,四级,
1538,低,四级,
1539,底,四级,
1540,地点,四级,
1541,地球,四级,
1542,地址,四级,
1543,调查,四级,
1544,掉,四级,
1545,丢,四级,
1546,动作,四级,
1547,堵车,四级,
1548,肚子,四级,
1549,短信,四级,
1550,对话,四级,
1551,对面,四级,
1552,对于,四级,
1553,儿童,四级,
1554,而,四级,
1555,发生,四级,
1556,发展,四级,
1557,法律,四级,
1558,翻译,四级,
1559,烦恼,四级,
1560,反对,四级,
1561,方法,四级,
1562,方面,四级,
1563,方向,四级,
1564,房东,四级,
1565,放弃,四级,
1566,放暑假,四级,
1567,放松,四级,
1568,份,四级,
1569,丰富,四级,
1570,否则,四级,
1571,符合,四级,
1572,父亲,四级,
1573,付款,四级,
1574,负责,四级,
1575,复印,四级,
1576,复杂,四级,
1577,富,四级,
1578,改变,四级,
1579,干杯,四级,
1580,赶,四级,
1581,敢,四级,
1582,感动,四级,
1583,感觉,四级,
1584,感情,四级,
1585,感谢,四级,
1586,干,四级,
1587,刚,四级,
1588,高速公路,四级,
1589,胳膊,四级,
1590,各,四级,
1591,工资,四级,
1592,公里,四级,
1593,功夫,四级,
1594,共同,四级,
1595,购物,四级,
1596,够,四级,
1597,估计,四级,
1598,鼓励,四级,
1599,故意,四级,
1600,顾客,四级,
1601,挂,四级,
1602,关键,四级,
1603,观众,四级,
1604,管理,四级,
1605,光,四级,
1606,广播,四级,
1607,广告,四级,
1608,逛,四级,
1609,规定,四级,
1610,国籍,四级,
1611,国际,四级,
1612,果汁,四级,
1613,过程,四级,
1614,海洋,四级,
1615,害羞,四级,
1616,寒假,四级,
1617,汗,四级,
1618,航班,四级,
1619,好处,四级,
1620,好像,四级,
1621,号码,四级,
1622,合格,四级,
1623,合适,四级,
1624,盒子,四级,
1625,后悔,四级,
1626,厚,四级,
1627,互联网,四级,
1628,互相,四级,
1629,护士,四级,
1630,怀疑,四级,
1631,回忆,四级,
1632,活动,四级,
1633,活泼,四级,
1634,火,四级,
1635,获得,四级,
1636,积极,四级,
1637,积累,四级,
1638,基础,四级,
1639,激动,四级,
1640,及时,四级,
1641,即使,四级,
1642,计划,四级,
1643,记者,四级,
1644,技术,四级,
1645,既然,四级,
1646,继续,四级,
1647,寄,四级,
1648,加班,四级,
1649,加油站,四级,
1650,家具,四级,
1651,假,四级,
1652,价格,四级,
1653,坚持,四级,
1654,减肥,四级,
1655,减少,四级,
1656,建议,四级,
1657,将来,四级,
1658,奖金,四级,
1659,降低,四级,
1660,降落,四级,
1661,交,四级,
1662,交流,四级,
1663,交通,四级,
1664,郊区,四级,
1665,骄傲,四级,
1666,饺子,四级,
1667,教授,四级,
1668,教育,四级,
1669,接受,四级,
1670,接着,四级,
1671,节,四级,
1672,节约,四级,
1673,结果,四级,
1674,解释,四级,
1675,尽管,四级,
1676,紧张,四级,
1677,进行,四级,
1678,禁止,四级,
1679,京剧,四级,
1680,经济,四级,
1681,经历,四级,
1682,经验,四级,
1683,精彩,四级,
1684,景色,四级,
1685,警察,四级,
1686,竞争,四级,
1687,竟然,四级,
1688,镜子,四级,
1689,究竟,四级,
1690,举,四级,
1691,举办,四级,
1692,举行,四级,
1693,拒绝,四级,
1694,距离,四级,
1695,聚会,四级,
1696,开玩笑,四级,
1697,开心,四级,
1698,看法,四级,
1699,考虑,四级,
1700,烤鸭,四级,
1701,科学,四级,
1702,棵,四级,
1703,咳嗽,四级,
1704,可怜,四级,
1705,可是,四级,
1706,可惜,四级,
1707,客厅,四级,
1708,肯定,四级,
1709,空,四级,
1710,空气,四级,
1711,恐怕,四级,
1712,苦,四级,
1713,矿泉水,四级,
1714,困,四级,
1715,困难,四级,
1716,垃圾桶,四级,
1717,拉,四级,
1718,辣,四级,
1719,来不及,四级,
1720,来得及,四级,
1721,来自,四级,
1722,懒,四级,
1723,浪费,四级,
1724,浪漫,四级,
1725,老虎,四级,
1726,冷静,四级,
1727,礼拜天,四级,
1728,礼貌,四级,
1729,理发,四级,
1730,理解,四级,
1731,理想,四级,
1732,力气,四级,
1733,厉害,四级,
1734,例如,四级,
1735,俩,四级,
1736,连,四级,
1737,联系,四级,
1738,凉快,四级,
1739,零钱,四级,
1740,另外,四级,
1741,留,四级,
1742,流利,四级,
1743,流行,四级,
1744,旅行,四级,
1745,律师,四级,
1746,乱,四级,
1747,麻烦,四级,
1748,马虎,四级,
1749,满,四级,
1750,毛,四级,
1751,毛巾,四级,
1752,美丽,四级,
1753,梦,四级,
1754,迷路,四级,
1755,密码,四级,
1756,免费,四级,
1757,秒,四级,
1758,民族,四级,
1759,母亲,四级,
1760,目的,四级,
1761,耐心,四级,
1762,难道,四级,
1763,难受,四级,
1764,内,四级,
1765,内容,四级,
1766,能力,四级,
1767,年龄,四级,
1768,弄,四级,
1769,暖和,四级,
1770,偶尔,四级,
1771,排队,四级,
1772,排列,四级,
1773,判断,四级,
1774,陪,四级,
1775,批评,四级,
1776,皮肤,四级,
1777,脾气,四级,
1778,篇,四级,
1779,骗,四级,
1780,乒乓球,四级,
1781,平时,四级,
1782,破,四级,
1783,葡萄,四级,
1784,普遍,四级,
1785,普通话,四级,
1786,其次,四级,
1787,其中,四级,
1788,气候,四级,
1789,千万,四级,
1790,签证,四级,
1791,敲,四级,
1792,桥,四级,
1793,巧克力,四级,
1794,亲戚,四级,
1795,轻,四级,
1796,轻松,四级,
1797,情况,四级,
1798,穷,四级,
1799,区别,四级,
1800,取,四级,
1801,全部,四级,
1802,缺点,四级,
1803,缺少,四级,
1804,却,四级,
1805,确实,四级,
1806,然而,四级,
1807,热闹,四级,
1808,任何,四级,
1809,任务,四级,
1810,扔,四级,
1811,仍然,四级,
1812,日记,四级,
1813,入口,四级,
1814,散步,四级,
1815,森林,四级,
1816,沙发,四级,
1817,伤心,四级,
1818,商量,四级,
1819,稍微,四级,
1820,勺子,四级,
1821,社会,四级,
1822,申请,四级,
1823,深,四级,
1824,甚至,四级,
1825,生活,四级,
1826,生命,四级,
1827,生意,四级,
1828,省,四级,
1829,剩,四级,
1830,失败,四级,
1831,失望,四级,
1832,师傅,四级,
1833,十分,四级,
1834,实际,四级,
1835,实在,四级,
1836,使,四级,
1837,使用,四级,
1838,世纪,四级,
1839,是否,四级,
1840,适合,四级,
1841,适应,四级,
1842,收,四级,
1843,收入,四级,
1844,收拾,四级,
1845,首都,四级,
1846,首先,四级,
1847,受不了,四级,
1848,受到,四级,
1849,售货员,四级,
1850,输,四级,
1851,熟悉,四级,
1852,数量,四级,
1853,数字,四级,
1854,帅,四级,
1855,顺便,四级,
1856,顺利,四级,
1857,顺序,四级,
1858,说明,四级,
1859,硕士,四级,
1860,死,四级,
1861,速度,四级,
1862,塑料袋,四级,
1863,酸,四级,
1864,随便,四级,
1865,随着,四级,
1866,孙子,四级,
1867,所有,四级,
1868,台,四级,
1869,抬,四级,
1870,态度,四级,
1871,谈,四级,
1872,弹钢琴,四级,
1873,汤,四级,
1874,糖,四级,
1875,躺,四级,
1876,趟,四级,
1877,讨论,四级,
1878,讨厌,四级,
1879,特点,四级,
1880,提,四级,
1881,提供,四级,
1882,提前,四级,
1883,提醒,四级,
1884,填空,四级,
1885,条件,四级,
1886,停,四级,
1887,挺,四级,
1888,通过,四级,
1889,通知,四级,
1890,同情,四级,
1891,同时,四级,
1892,推,四级,
1893,推迟,四级,
1894,脱,四级,
1895,袜子,四级,
1896,完全,四级,
1897,网球,四级,
1898,网站,四级,
1899,往往,四级,
1900,危险,四级,
1901,卫生间,四级,
1902,味道,四级,
1903,温度,四级,
1904,文章,四级,
1905,污染,四级,
1906,无,四级,
1907,无聊,四级,
1908,无论,四级,
1909,误会,四级,
1910,西红柿,四级,
1911,吸引,四级,
1912,咸,四级,
1913,现金,四级,
1914,羡慕,四级,
1915,相反,四级,
1916,相同,四级,
1917,香,四级,
1918,详细,四级,
1919,响,四级,
1920,橡皮,四级,
1921,消息,四级,
1922,小吃,四级,
1923,小伙子,四级,
1924,小说,四级,
1925,笑话,四级,
1926,效果,四级,
1927,心情,四级,
1928,辛苦,四级,
1929,信封,四级,
1930,信息,四级,
1931,信心,四级,
1932,兴奋,四级,
1933,行,四级,
1934,醒,四级,
1935,幸福,四级,
1936,性别,四级,
1937,性格,四级,
1938,修理,四级,
1939,许多,四级,
1940,学期,四级,
1941,压力,四级,
1942,呀,四级,
1943,牙膏,四级,
1944,亚洲,四级,
1945,严格,四级,
1946,严重,四级,
1947,研究,四级,
1948,盐,四级,
1949,眼镜,四级,
1950,演出,四级,
1951,演员,四级,
1952,阳光,四级,
1953,养成,四级,
1954,样子,四级,
1955,邀请,四级,
1956,要是,四级,
1957,钥匙,四级,
1958,也许,四级,
1959,叶子,四级,
1960,页,四级,
1961,一切,四级,
1962,以,四级,
1963,以为,四级,
1964,艺术,四级,
1965,意见,四级,
1966,因此,四级,
1967,引起,四级,
1968,印象,四级,
1969,赢,四级,
1970,应聘,四级,
1971,永远,四级,
1972,勇敢,四级,
1973,优点,四级,
1974,优秀,四级,
1975,幽默,四级,
1976,尤其,四级,
1977,由,四级,
1978,由于,四级,
1979,邮局,四级,
1980,友好,四级,
1981,友谊,四级,
1982,有趣,四级,
1983,于是,四级,
1984,愉快,四级,
1985,与,四级,
1986,羽毛球,四级,
1987,语法,四级,
1988,语言,四级,
1989,预习,四级,
1990,原来,四级,
1991,原谅,四级,
1992,原因,四级,
1993,约会,四级,
1994,阅读,四级,
1995,云,四级,
1996,允许,四级,
1997,杂志,四级,
1998,咱们,四级,
1999,暂时,四级,
2000,脏,四级,
2001,责任,四级,
2002,增加,四级,
2003,占线,四级,
2004,招聘,四级,
2005,照,四级,
2006,真正,四级,
2007,整理,四级,
2008,正常,四级,
2009,正好,四级,
2010,正确,四级,
2011,正式,四级,
2012,证明,四级,
2013,之,四级,
2014,支持,四级,
2015,知识,四级,
2016,直接,四级,
2017,值得,四级,
2018,职业,四级,
2019,植物,四级,
2020,只好,四级,
2021,只要,四级,
2022,指,四级,
2023,至少,四级,
2024,质量,四级,
2025,重,四级,
2026,重点,四级,
2027,重视,四级,
2028,周围,四级,
2029,主意,四级,
2030,祝贺,四级,
2031,著名,四级,
2032,专门,四级,
2033,专业,四级,
2034,转,四级,
2035,赚,四级,
2036,准确,四级,
2037,准时,四级,
2038,仔细,四级,
2039,自然,四级,
2040,自信,四级,
2041,总结,四级,
2042,租,四级,
2043,最好,四级,
2044,尊重,四级,
2045,左右,四级,
2046,作家,四级,
2047,作用,四级,
2048,作者,四级,
2049,座,四级,
2050,座位,四级,
2051,地,三级,助词
2052,过,三级,动词
2053,花,三级,名词
2054,花,三级,动词
2055,还,三级,动词
2056,长,三级,动词
2057,只,三级,量词
2058,只,三级,副词
2059,种,三级,量词
2060,阿姨,三级,
2061,啊,三级,
2062,矮,三级,
2063,爱好,三级,
2064,安静,三级,
2065,把,三级,
2066,班,三级,
2067,搬,三级,
2068,办法,三级,
2069,办公室,三级,
2070,半,三级,
2071,帮忙,三级,
2072,包,三级,
2073,饱,三级,
2074,北方,三级,
2075,被,三级,
2076,鼻子,三级,
2077,比较,三级,
2078,比赛,三级,
2079,笔记本,三级,
2080,必须,三级,
2081,变化,三级,
2082,别人,三级,
2083,冰箱,三级,
2084,不但……而且……,三级,
2085,菜单,三级,
2086,参加,三级,
2087,草,三级,
2088,层,三级,
2089,差,三级,
2090,超市,三级,
2091,衬衫,三级,
2092,成绩,三级,
2093,城市,三级,
2094,迟到,三级,
2095,除了,三级,
2096,船,三级,
2097,春,三级,
2098,词典,三级,
2099,聪明,三级,
2100,打扫,三级,
2101,打算,三级,
2102,带,三级,
2103,担心,三级,
2104,蛋糕,三级,
2105,当然,三级,
2106,灯,三级,
2107,地方,三级,
2108,地铁,三级,
2109,地图,三级,
2110,电梯,三级,
2111,电子邮件,三级,
2112,东,三级,
2113,冬,三级,
2114,动物,三级,
2115,短,三级,
2116,段,三级,
2117,锻炼,三级,
2118,多么,三级,
2119,饿,三级,
2120,耳朵,三级,
2121,发,三级,
2122,发烧,三级,
2123,发现,三级,
2124,方便,三级,
2125,放,三级,
2126,放心,三级,
2127,分,三级,
2128,附近,三级,
2129,复习,三级,
2130,干净,三级,
2131,感冒,三级,
2132,感兴趣,三级,
2133,刚才,三级,
2134,个子,三级,
2135,根据,三级,
2136,跟,三级,
2137,更,三级,
2138,公斤,三级,
2139,公园,三级,
2140,故事,三级,
2141,刮风,三级,
2142,关,三级,
2143,关系,三级,
2144,关心,三级,
2145,关于,三级,
2146,国家,三级,
2147,过去,三级,
2148,还是,三级,
2149,害怕,三级,
2150,黑板,三级,
2151,后来,三级,
2152,护照,三级,
2153,画,三级,
2154,坏,三级,
2155,欢迎,三级,
2156,环境,三级,
2157,换,三级,
2158,黄河,三级,
2159,回答,三级,
2160,会议,三级,
2161,或者,三级,
2162,几乎,三级,
2163,机会,三级,
2164,极,三级,
2165,记得,三级,
2166,季节,三级,
2167,检查,三级,
2168,简单,三级,
2169,见面,三级,
2170,健康,三级,
2171,讲,三级,
2172,教,三级,
2173,角,三级,
2174,脚,三级,
2175,接,三级,
2176,街道,三级,
2177,节目,三级,
2178,节日,三级,
2179,结婚,三级,
2180,结束,三级,
2181,解决,三级,
2182,借,三级,
2183,经常,三级,
2184,经过,三级,
2185,经理,三级,
2186,久,三级,
2187,旧,三级,
2188,句子,三级,
2189,决定,三级,
2190,可爱,三级,
2191,渴,三级,
2192,刻,三级,
2193,客人,三级,
2194,空调,三级,
2195,口,三级,
2196,哭,三级,
2197,裤子,三级,
2198,筷子,三级,
2199,蓝,三级,
2200,老,三级,
2201,离开,三级,
2202,礼物,三级,
2203,历史,三级,
2204,脸,三级,
2205,练习,三级,
2206,辆,三级,
2207,聊天,三级,
2208,了解,三级,
2209,邻居,三级,
2210,留学,三级,
2211,楼,三级,
2212,绿,三级,
2213,马,三级,
2214,马上,三级,
2215,满意,三级,
2216,帽子,三级,
2217,米,三级,
2218,面包,三级,
2219,明白,三级,
2220,拿,三级,
2221,奶奶,三级,
2222,南,三级,
2223,难,三级,
2224,难过,三级,
2225,年级,三级,
2226,年轻,三级,
2227,鸟,三级,
2228,努力,三级,
2229,爬山,三级,
2230,盘子,三级,
2231,胖,三级,
2232,皮鞋,三级,
2233,啤酒,三级,
2234,瓶子,三级,
2235,其实,三级,
2236,其他,三级,
2237,奇怪,三级,
2238,骑,三级,
2239,起飞,三级,
2240,起来,三级,
2241,清楚,三级,
2242,请假,三级,
2243,秋,三级,
2244,裙子,三级,
2245,然后,三级,
2246,热情,三级,
2247,认为,三级,
2248,认真,三级,
2249,容易,三级,
2250,如果,三级,
2251,伞,三级,
2252,上网,三级,
2253,生气,三级,
2254,声音,三级,
2255,世界,三级,
2256,试,三级,
2257,瘦,三级,
2258,叔叔,三级,
2259,舒服,三级,
2260,树,三级,
2261,数学,三级,
2262,刷牙,三级,
2263,双,三级,
2264,水平,三级,
2265,司机,三级,
2266,太阳,三级,
2267,特别,三级,
2268,疼,三级,
2269,提高,三级,
2270,体育,三级,
2271,甜,三级,
2272,条,三级,
2273,同事,三级,
2274,同意,三级,
2275,头发,三级,
2276,突然,三级,
2277,图书馆,三级,
2278,腿,三级,
2279,完成,三级,
2280,碗,三级,
2281,万,三级,
2282,忘记,三级,
2283,为,三级,
2284,为了,三级,
2285,位,三级,
2286,文化,三级,
2287,西,三级,
2288,习惯,三级,
2289,洗手间,三级,
2290,洗澡,三级,
2291,夏,三级,
2292,先,三级,
2293,相信,三级,
2294,香蕉,三级,
2295,向,三级,
2296,像,三级,
2297,小心,三级,
2298,校长,三级,
2299,新闻,三级,
2300,新鲜,三级,
2301,信用卡,三级,
2302,行李箱,三级,
2303,熊猫,三级,
2304,需要,三级,
2305,选择,三级,
2306,要求,三级,
2307,爷爷,三级,
2308,一般,三级,
2309,一边,三级,
2310,一定,三级,
2311,一共,三级,
2312,一会儿,三级,
2313,一样,三级,
2314,一直,三级,
2315,以前,三级,
2316,音乐,三级,
2317,银行,三级,
2318,饮料,三级,
2319,应该,三级,
2320,影响,三级,
2321,用,三级,
2322,游戏,三级,
2323,有名,三级,
2324,又,三级,
2325,遇到,三级,
2326,元,三级,
2327,愿意,三级,
2328,月亮,三级,
2329,越,三级,
2330,站,三级,
2331,张,三级,
2332,着急,三级,
2333,照顾,三级,
2334,照片,三级,
2335,照相机,三级,
2336,只有……才……,三级,
2337,中间,三级,
2338,中文,三级,
2339,终于,三级,
2340,重要,三级,
2341,周末,三级,
2342,主要,三级,
2343,注意,三级,
2344,自己,三级,
2345,自行车,三级,
2346,总是,三级,
2347,嘴,三级,
2348,最后,三级,
2349,最近,三级,
2350,作业,三级,
2351,喂,六级,动词
2352,挨,六级,
2353,癌症,六级,
2354,爱不释手,六级,
2355,爱戴,六级,
2356,暧昧,六级,
2357,安宁,六级,
2358,安详,六级,
2359,安置,六级,
2360,按摩,六级,
2361,案件,六级,
2362,案例,六级,
2363,暗示,六级,
2364,昂贵,六级,
2365,凹凸,六级,
2366,熬,六级,
2367,奥秘,六级,
2368,巴不得,六级,
2369,巴结,六级,
2370,扒,六级,
2371,疤,六级,
2372,拔苗助长,六级,
2373,把关,六级,
2374,把手,六级,
2375,罢工,六级,
2376,霸道,六级,
2377,掰,六级,
2378,摆脱,六级,
2379,败坏,六级,
2380,拜访,六级,
2381,拜年,六级,
2382,拜托,六级,
2383,颁布,六级,
2384,颁发,六级,
2385,斑,六级,
2386,版本,六级,
2387,半途而废,六级,
2388,扮演,六级,
2389,伴侣,六级,
2390,伴随,六级,
2391,绑架,六级,
2392,榜样,六级,
2393,磅,六级,
2394,包庇,六级,
2395,包袱,六级,
2396,包围,六级,
2397,包装,六级,
2398,饱和,六级,
2399,饱经沧桑,六级,
2400,保管,六级,
2401,保密,六级,
2402,保姆,六级,
2403,保守,六级,
2404,保卫,六级,
2405,保养,六级,
2406,保障,六级,
2407,保重,六级,
2408,报仇,六级,
2409,报酬,六级,
2410,报答,六级,
2411,报复,六级,
2412,报警,六级,
2413,报销,六级,
2414,抱负,六级,
2415,暴力,六级,
2416,暴露,六级,
2417,曝光,六级,
2418,爆发,六级,
2419,爆炸,六级,
2420,卑鄙,六级,
2421,悲哀,六级,
2422,悲惨,六级,
2423,北极,六级,
2424,贝壳,六级,
2425,备份,六级,
2426,备忘录,六级,
2427,背叛,六级,
2428,背诵,六级,
2429,被动,六级,
2430,被告,六级,
2431,奔波,六级,
2432,奔驰,六级,
2433,本能,六级,
2434,本钱,六级,
2435,本人,六级,
2436,本身,六级,
2437,本事,六级,
2438,笨拙,六级,
2439,崩溃,六级,
2440,甭,六级,
2441,迸发,六级,
2442,蹦,六级,
2443,逼迫,六级,
2444,鼻涕,六级,
2445,比方,六级,
2446,比喻,六级,
2447,比重,六级,
2448,鄙视,六级,
2449,闭塞,六级,
2450,弊病,六级,
2451,弊端,六级,
2452,臂,六级,
2453,边疆,六级,
2454,边界,六级,
2455,边境,六级,
2456,边缘,六级,
2457,编织,六级,
2458,鞭策,六级,
2459,贬低,六级,
2460,贬义,六级,
2461,扁,六级,
2462,变故,六级,
2463,变迁,六级,
2464,变质,六级,
2465,便利,六级,
2466,便条,六级,
2467,便于,六级,
2468,遍布,六级,
2469,辨认,六级,
2470,辩护,六级,
2471,辩解,六级,
2472,辩证,六级,
2473,辫子,六级,
2474,标本,六级,
2475,标记,六级,
2476,标题,六级,
2477,表决,六级,
2478,表态,六级,
2479,表彰,六级,
2480,憋,六级,
2481,别墅,六级,
2482,别致,六级,
2483,别扭,六级,
2484,濒临,六级,
2485,冰雹,六级,
2486,丙,六级,
2487,并非,六级,
2488,并列,六级,
2489,拨,六级,
2490,波浪,六级,
2491,波涛,六级,
2492,剥削,六级,
2493,播种,六级,
2494,伯母,六级,
2495,博大精深,六级,
2496,博览会,六级,
2497,搏斗,六级,
2498,薄弱,六级,
2499,补偿,六级,
2500,补救,六级,
2501,补贴,六级,
2502,捕捉,六级,
2503,哺乳,六级,
2504,不得已,六级,
2505,不妨,六级,
2506,不敢当,六级,
2507,不顾,六级,
2508,不禁,六级,
2509,不堪,六级,
2510,不可思议,六级,
2511,不愧,六级,
2512,不料,六级,
2513,不免,六级,
2514,不时,六级,
2515,不惜,六级,
2516,不相上下,六级,
2517,不像话,六级,
2518,不屑一顾,六级,
2519,不言而喻,六级,
2520,不由得,六级,
2521,不择手段,六级,
2522,不止,六级,
2523,布告,六级,
2524,布局,六级,
2525,布置,六级,
2526,步伐,六级,
2527,部署,六级,
2528,部位,六级,
2529,才干,六级,
2530,财富,六级,
2531,财务,六级,
2532,财政,六级,
2533,裁缝,六级,
2534,裁判,六级,
2535,裁员,六级,
2536,采购,六级,
2537,采集,六级,
2538,采纳,六级,
2539,彩票,六级,
2540,参谋,六级,
2541,参照,六级,
2542,残疾,六级,
2543,残酷,六级,
2544,残留,六级,
2545,残忍,六级,
2546,灿烂,六级,
2547,仓促,六级,
2548,仓库,六级,
2549,苍白,六级,
2550,舱,六级,
2551,操劳,六级,
2552,操练,六级,
2553,操纵,六级,
2554,操作,六级,
2555,嘈杂,六级,
2556,草案,六级,
2557,草率,六级,
2558,侧面,六级,
2559,测量,六级,
2560,策划,六级,
2561,策略,六级,
2562,层出不穷,六级,
2563,层次,六级,
2564,差别,六级,
2565,插座,六级,
2566,查获,六级,
2567,岔,六级,
2568,刹那,六级,
2569,诧异,六级,
2570,柴油,六级,
2571,搀,六级,
2572,馋,六级,
2573,缠绕,六级,
2574,产业,六级,
2575,阐述,六级,
2576,颤抖,六级,
2577,昌盛,六级,
2578,尝试,六级,
2579,偿还,六级,
2580,场合,六级,
2581,场面,六级,
2582,场所,六级,
2583,敞开,六级,
2584,畅通,六级,
2585,畅销,六级,
2586,倡导,六级,
2587,倡议,六级,
2588,钞票,六级,
2589,超越,六级,
2590,巢穴,六级,
2591,朝代,六级,
2592,嘲笑,六级,
2593,潮流,六级,
2594,撤退,六级,
2595,撤销,六级,
2596,沉淀,六级,
2597,沉闷,六级,
2598,沉思,六级,
2599,沉重,六级,
2600,沉着,六级,
2601,陈旧,六级,
2602,陈列,六级,
2603,陈述,六级,
2604,衬托,六级,
2605,称心如意,六级,
2606,称号,六级,
2607,成本,六级,
2608,成交,六级,
2609,成天,六级,
2610,成效,六级,
2611,成心,六级,
2612,成员,六级,
2613,呈现,六级,
2614,诚挚,六级,
2615,承办,六级,
2616,承包,六级,
2617,承诺,六级,
2618,城堡,六级,
2619,乘,六级,
2620,盛,六级,
2621,惩罚,六级,
2622,澄清,六级,
2623,橙,六级,
2624,秤,六级,
2625,吃苦,六级,
2626,吃力,六级,
2627,迟钝,六级,
2628,迟缓,六级,
2629,迟疑,六级,
2630,持久,六级,
2631,赤道,六级,
2632,赤字,六级,
2633,冲动,六级,
2634,冲击,六级,
2635,冲突,六级,
2636,充当,六级,
2637,充沛,六级,
2638,充实,六级,
2639,充足,六级,
2640,重叠,六级,
2641,崇拜,六级,
2642,崇高,六级,
2643,崇敬,六级,
2644,稠密,六级,
2645,筹备,六级,
2646,丑恶,六级,
2647,出路,六级,
2648,出卖,六级,
2649,出身,六级,
2650,出神,六级,
2651,出息,六级,
2652,初步,六级,
2653,除,六级,
2654,处分,六级,
2655,处境,六级,
2656,处置,六级,
2657,储备,六级,
2658,储存,六级,
2659,储蓄,六级,
2660,触犯,六级,
2661,川流不息,六级,
2662,穿越,六级,
2663,传达,六级,
2664,传单,六级,
2665,传授,六级,
2666,船舶,六级,
2667,喘气,六级,
2668,串,六级,
2669,床单,六级,
2670,创立,六级,
2671,创新,六级,
2672,创业,六级,
2673,创作,六级,
2674,吹牛,六级,
2675,吹捧,六级,
2676,炊烟,六级,
2677,垂直,六级,
2678,锤,六级,
2679,纯粹,六级,
2680,纯洁,六级,
2681,慈善,六级,
2682,慈祥,六级,
2683,磁带,六级,
2684,雌雄,六级,
2685,次品,六级,
2686,次序,六级,
2687,伺候,六级,
2688,刺,六级,
2689,从容,六级,
2690,丛,六级,
2691,凑合,六级,
2692,粗鲁,六级,
2693,窜,六级,
2694,摧残,六级,
2695,脆弱,六级,
2696,搓,六级,
2697,磋商,六级,
2698,挫折,六级,
2699,搭,六级,
2700,搭档,六级,
2701,搭配,六级,
2702,达成,六级,
2703,答辩,六级,
2704,答复,六级,
2705,打包,六级,
2706,打官司,六级,
2707,打击,六级,
2708,打架,六级,
2709,打量,六级,
2710,打猎,六级,
2711,打仗,六级,
2712,大不了,六级,
2713,大臣,六级,
2714,大伙儿,六级,
2715,大肆,六级,
2716,大体,六级,
2717,大意,六级,
2718,大致,六级,
2719,歹徒,六级,
2720,代价,六级,
2721,代理,六级,
2722,带领,六级,
2723,怠慢,六级,
2724,逮捕,六级,
2725,担保,六级,
2726,胆怯,六级,
2727,诞辰,六级,
2728,诞生,六级,
2729,淡季,六级,
2730,淡水,六级,
2731,蛋白质,六级,
2732,当场,六级,
2733,当初,六级,
2734,当代,六级,
2735,当面,六级,
2736,当前,六级,
2737,当事人,六级,
2738,当务之急,六级,
2739,当选,六级,
2740,党,六级,
2741,档案,六级,
2742,档次,六级,
2743,导弹,六级,
2744,导航,六级,
2745,导向,六级,
2746,捣乱,六级,
2747,倒闭,六级,
2748,盗窃,六级,
2749,稻谷,六级,
2750,得不偿失,六级,
2751,得力,六级,
2752,得天独厚,六级,
2753,得罪,六级,
2754,灯笼,六级,
2755,登陆,六级,
2756,登录,六级,
2757,蹬,六级,
2758,等候,六级,
2759,等级,六级,
2760,瞪,六级,
2761,堤坝,六级,
2762,敌视,六级,
2763,抵达,六级,
2764,抵抗,六级,
2765,抵制,六级,
2766,地步,六级,
2767,地势,六级,
2768,地质,六级,
2769,递增,六级,
2770,颠簸,六级,
2771,颠倒,六级,
2772,典礼,六级,
2773,典型,六级,
2774,点缀,六级,
2775,电源,六级,
2776,垫,六级,
2777,惦记,六级,
2778,奠定,六级,
2779,叼,六级,
2780,雕刻,六级,
2781,雕塑,六级,
2782,吊,六级,
2783,调动,六级,
2784,跌,六级,
2785,丁,六级,
2786,叮嘱,六级,
2787,盯,六级,
2788,定期,六级,
2789,定义,六级,
2790,丢人,六级,
2791,丢三落四,六级,
2792,东道主,六级,
2793,东张西望,六级,
2794,董事长,六级,
2795,动荡,六级,
2796,动机,六级,
2797,动静,六级,
2798,动力,六级,
2799,动脉,六级,
2800,动身,六级,
2801,动手,六级,
2802,动态,六级,
2803,动员,六级,
2804,冻结,六级,
2805,栋,六级,
2806,兜,六级,
2807,陡峭,六级,
2808,斗争,六级,
2809,督促,六级,
2810,毒品,六级,
2811,独裁,六级,
2812,堵塞,六级,
2813,赌博,六级,
2814,杜绝,六级,
2815,端,六级,
2816,端午节,六级,
2817,端正,六级,
2818,短促,六级,
2819,断定,六级,
2820,断绝,六级,
2821,堆积,六级,
2822,队伍,六级,
2823,对策,六级,
2824,对称,六级,
2825,对付,六级,
2826,对抗,六级,
2827,对立,六级,
2828,对联,六级,
2829,对应,六级,
2830,对照,六级,
2831,兑现,六级,
2832,顿时,六级,
2833,多元化,六级,
2834,哆嗦,六级,
2835,堕落,六级,
2836,额外,六级,
2837,恶心,六级,
2838,恶化,六级,
2839,遏制,六级,
2840,恩怨,六级,
2841,而已,六级,
2842,二氧化碳,六级,
2843,发布,六级,
2844,发财,六级,
2845,发呆,六级,
2846,发动,六级,
2847,发觉,六级,
2848,发射,六级,
2849,发誓,六级,
2850,发行,六级,
2851,发炎,六级,
2852,发扬,六级,
2853,发育,六级,
2854,法人,六级,
2855,番,六级,
2856,凡是,六级,
2857,繁华,六级,
2858,繁忙,六级,
2859,繁体字,六级,
2860,繁殖,六级,
2861,反驳,六级,
2862,反常,六级,
2863,反感,六级,
2864,反抗,六级,
2865,反馈,六级,
2866,反面,六级,
2867,反射,六级,
2868,反思,六级,
2869,反问,六级,
2870,反之,六级,
2871,泛滥,六级,
2872,范畴,六级,
2873,贩卖,六级,
2874,方位,六级,
2875,方言,六级,
2876,方圆,六级,
2877,方针,六级,
2878,防守,六级,
2879,防御,六级,
2880,防止,六级,
2881,防治,六级,
2882,访问,六级,
2883,纺织,六级,
2884,放大,六级,
2885,放射,六级,
2886,飞禽走兽,六级,
2887,飞翔,六级,
2888,飞跃,六级,
2889,非法,六级,
2890,肥沃,六级,
2891,诽谤,六级,
2892,肺,六级,
2893,废除,六级,
2894,废寝忘食,六级,
2895,废墟,六级,
2896,沸腾,六级,
2897,分辨,六级,
2898,分寸,六级,
2899,分红,六级,
2900,分解,六级,
2901,分裂,六级,
2902,分泌,六级,
2903,分明,六级,
2904,分歧,六级,
2905,分散,六级,
2906,吩咐,六级,
2907,坟墓,六级,
2908,粉末,六级,
2909,粉色,六级,
2910,粉碎,六级,
2911,分量,六级,
2912,愤怒,六级,
2913,丰满,六级,
2914,丰盛,六级,
2915,丰收,六级,
2916,风暴,六级,
2917,风度,六级,
2918,风光,六级,
2919,风气,六级,
2920,风趣,六级,
2921,风土人情,六级,
2922,风味,六级,
2923,封闭,六级,
2924,封建,六级,
2925,封锁,六级,
2926,锋利,六级,
2927,逢,六级,
2928,奉献,六级,
2929,否决,六级,
2930,夫妇,六级,
2931,夫人,六级,
2932,敷衍,六级,
2933,服从,六级,
2934,服气,六级,
2935,俘虏,六级,
2936,符号,六级,
2937,幅度,六级,
2938,辐射,六级,
2939,福利,六级,
2940,福气,六级,
2941,抚摸,六级,
2942,抚养,六级,
2943,俯视,六级,
2944,辅助,六级,
2945,腐败,六级,
2946,腐烂,六级,
2947,腐蚀,六级,
2948,腐朽,六级,
2949,负担,六级,
2950,附和,六级,
2951,附件,六级,
2952,附属,六级,
2953,复活,六级,
2954,复兴,六级,
2955,副,六级,
2956,赋予,六级,
2957,富裕,六级,
2958,腹泻,六级,
2959,覆盖,六级,
2960,改良,六级,
2961,钙,六级,
2962,盖章,六级,
2963,干旱,六级,
2964,干扰,六级,
2965,干涉,六级,
2966,干预,六级,
2967,尴尬,六级,
2968,感慨,六级,
2969,感染,六级,
2970,干劲,六级,
2971,纲领,六级,
2972,岗位,六级,
2973,港口,六级,
2974,港湾,六级,
2975,杠杆,六级,
2976,高超,六级,
2977,高潮,六级,
2978,高峰,六级,
2979,高明,六级,
2980,高尚,六级,
2981,高涨,六级,
2982,稿件,六级,
2983,告辞,六级,
2984,告诫,六级,
2985,疙瘩,六级,
2986,鸽子,六级,
2987,搁,六级,
2988,割,六级,
2989,歌颂,六级,
2990,革命,六级,
2991,格局,六级,
2992,格式,六级,
2993,隔阂,六级,
2994,隔离,六级,
2995,个体,六级,
2996,各抒己见,六级,
2997,根深蒂固,六级,
2998,根源,六级,
2999,跟前,六级,
3000,跟随,六级,
3001,跟踪,六级,
3002,更新,六级,
3003,更正,六级,
3004,耕地,六级,
3005,工艺品,六级,
3006,公安局,六级,
3007,公道,六级,
3008,公告,六级,
3009,公关,六级,
3010,公民,六级,
3011,公然,六级,
3012,公认,六级,
3013,公式,六级,
3014,公务,六级,
3015,公正,六级,
3016,公证,六级,
3017,功劳,六级,
3018,功效,六级,
3019,攻击,六级,
3020,攻克,六级,
3021,供不应求,六级,
3022,供给,六级,
3023,宫殿,六级,
3024,恭敬,六级,
3025,巩固,六级,
3026,共和国,六级,
3027,共计,六级,
3028,共鸣,六级,
3029,勾结,六级,
3030,钩子,六级,
3031,构思,六级,
3032,孤独,六级,
3033,孤立,六级,
3034,姑且,六级,
3035,辜负,六级,
3036,古董,六级,
3037,古怪,六级,
3038,股东,六级,
3039,股份,六级,
3040,骨干,六级,
3041,鼓动,六级,
3042,固然,六级,
3043,固体,六级,
3044,固有,六级,
3045,固执,六级,
3046,故乡,六级,
3047,故障,六级,
3048,顾虑,六级,
3049,顾问,六级,
3050,雇佣,六级,
3051,拐杖,六级,
3052,关怀,六级,
3053,关照,六级,
3054,观光,六级,
3055,官方,六级,
3056,管辖,六级,
3057,贯彻,六级,
3058,惯例,六级,
3059,灌溉,六级,
3060,罐,六级,
3061,光彩,六级,
3062,光辉,六级,
3063,光芒,六级,
3064,光荣,六级,
3065,广阔,六级,
3066,归根到底,六级,
3067,归还,六级,
3068,规范,六级,
3069,规格,六级,
3070,规划,六级,
3071,规章,六级,
3072,轨道,六级,
3073,贵族,六级,
3074,跪,六级,
3075,棍棒,六级,
3076,国防,六级,
3077,国务院,六级,
3078,果断,六级,
3079,过度,六级,
3080,过渡,六级,
3081,过奖,六级,
3082,过滤,六级,
3083,过失,六级,
3084,过问,六级,
3085,过瘾,六级,
3086,过于,六级,
3087,嗨,六级,
3088,海拔,六级,
3089,海滨,六级,
3090,含糊,六级,
3091,含义,六级,
3092,寒暄,六级,
3093,罕见,六级,
3094,捍卫,六级,
3095,行列,六级,
3096,航空,六级,
3097,航天,六级,
3098,航行,六级,
3099,毫米,六级,
3100,毫无,六级,
3101,豪迈,六级,
3102,号召,六级,
3103,耗费,六级,
3104,呵,六级,
3105,合并,六级,
3106,合成,六级,
3107,合伙,六级,
3108,合算,六级,
3109,和蔼,六级,
3110,和解,六级,
3111,和睦,六级,
3112,和气,六级,
3113,和谐,六级,
3114,嘿,六级,
3115,痕迹,六级,
3116,狠心,六级,
3117,恨不得,六级,
3118,横,六级,
3119,哼,六级,
3120,轰动,六级,
3121,烘,六级,
3122,宏观,六级,
3123,宏伟,六级,
3124,洪水,六级,
3125,哄,六级,
3126,喉咙,六级,
3127,吼,六级,
3128,后代,六级,
3129,后顾之忧,六级,
3130,后勤,六级,
3131,候选,六级,
3132,呼唤,六级,
3133,呼啸,六级,
3134,呼吁,六级,
3135,忽略,六级,
3136,胡乱,六级,
3137,胡须,六级,
3138,湖泊,六级,
3139,花瓣,六级,
3140,花蕾,六级,
3141,华丽,六级,
3142,华侨,六级,
3143,化肥,六级,
3144,化石,六级,
3145,化验,六级,
3146,化妆,六级,
3147,划分,六级,
3148,画蛇添足,六级,
3149,话筒,六级,
3150,欢乐,六级,
3151,还原,六级,
3152,环节,六级,
3153,缓和,六级,
3154,患者,六级,
3155,荒凉,六级,
3156,荒谬,六级,
3157,荒唐,六级,
3158,皇帝,六级,
3159,皇后,六级,
3160,黄昏,六级,
3161,恍然大悟,六级,
3162,晃,六级,
3163,挥霍,六级,
3164,辉煌,六级,
3165,回报,六级,
3166,回避,六级,
3167,回顾,六级,
3168,回收,六级,
3169,悔恨,六级,
3170,毁灭,六级,
3171,汇报,六级,
3172,会晤,六级,
3173,贿赂,六级,
3174,昏迷,六级,
3175,荤,六级,
3176,浑身,六级,
3177,混合,六级,
3178,混乱,六级,
3179,混淆,六级,
3180,混浊,六级,
3181,活该,六级,
3182,活力,六级,
3183,火箭,六级,
3184,火焰,六级,
3185,火药,六级,
3186,货币,六级,
3187,讥笑,六级,
3188,饥饿,六级,
3189,机动,六级,
3190,机构,六级,
3191,机灵,六级,
3192,机密,六级,
3193,机械,六级,
3194,机遇,六级,
3195,机智,六级,
3196,基地,六级,
3197,基金,六级,
3198,基因,六级,
3199,激发,六级,
3200,激励,六级,
3201,激情,六级,
3202,及早,六级,
3203,吉祥,六级,
3204,级别,六级,
3205,极端,六级,
3206,极限,六级,
3207,即便,六级,
3208,即将,六级,
3209,急功近利,六级,
3210,急剧,六级,
3211,急切,六级,
3212,急于求成,六级,
3213,急躁,六级,
3214,疾病,六级,
3215,集团,六级,
3216,嫉妒,六级,
3217,籍贯,六级,
3218,给予,六级,
3219,计较,六级,
3220,记性,六级,
3221,记载,六级,
3222,纪要,六级,
3223,技巧,六级,
3224,忌讳,六级,
3225,季度,六级,
3226,季军,六级,
3227,迹象,六级,
3228,继承,六级,
3229,寄托,六级,
3230,寂静,六级,
3231,加工,六级,
3232,加剧,六级,
3233,夹杂,六级,
3234,佳肴,六级,
3235,家常,六级,
3236,家伙,六级,
3237,家属,六级,
3238,家喻户晓,六级,
3239,尖端,六级,
3240,尖锐,六级,
3241,坚定,六级,
3242,坚固,六级,
3243,坚韧,六级,
3244,坚实,六级,
3245,坚硬,六级,
3246,艰难,六级,
3247,监督,六级,
3248,监视,六级,
3249,监狱,六级,
3250,煎,六级,
3251,拣,六级,
3252,检讨,六级,
3253,检验,六级,
3254,剪彩,六级,
3255,简化,六级,
3256,简陋,六级,
3257,简体字,六级,
3258,简要,六级,
3259,见多识广,六级,
3260,见解,六级,
3261,见闻,六级,
3262,见义勇为,六级,
3263,间谍,六级,
3264,间隔,六级,
3265,间接,六级,
3266,剑,六级,
3267,健全,六级,
3268,舰艇,六级,
3269,践踏,六级,
3270,溅,六级,
3271,鉴别,六级,
3272,鉴定,六级,
3273,鉴于,六级,
3274,将近,六级,
3275,将就,六级,
3276,将军,六级,
3277,僵硬,六级,
3278,奖励,六级,
3279,奖赏,六级,
3280,桨,六级,
3281,降临,六级,
3282,交叉,六级,
3283,交代,六级,
3284,交涉,六级,
3285,交易,六级,
3286,娇气,六级,
3287,焦点,六级,
3288,焦急,六级,
3289,角落,六级,
3290,侥幸,六级,
3291,搅拌,六级,
3292,缴纳,六级,
3293,较量,六级,
3294,教养,六级,
3295,阶层,六级,
3296,皆,六级,
3297,接连,六级,
3298,揭露,六级,
3299,节制,六级,
3300,节奏,六级,
3301,杰出,六级,
3302,结晶,六级,
3303,结局,六级,
3304,结算,六级,
3305,截止,六级,
3306,截至,六级,
3307,竭尽全力,六级,
3308,解除,六级,
3309,解放,六级,
3310,解雇,六级,
3311,解剖,六级,
3312,解散,六级,
3313,解体,六级,
3314,戒备,六级,
3315,界限,六级,
3316,借鉴,六级,
3317,借助,六级,
3318,金融,六级,
3319,津津有味,六级,
3320,紧迫,六级,
3321,锦上添花,六级,
3322,进而,六级,
3323,进攻,六级,
3324,进化,六级,
3325,进展,六级,
3326,近来,六级,
3327,晋升,六级,
3328,浸泡,六级,
3329,茎,六级,
3330,经费,六级,
3331,经纬,六级,
3332,惊动,六级,
3333,惊奇,六级,
3334,惊讶,六级,
3335,兢兢业业,六级,
3336,精打细算,六级,
3337,精华,六级,
3338,精简,六级,
3339,精密,六级,
3340,精确,六级,
3341,精通,六级,
3342,精心,六级,
3343,精益求精,六级,
3344,精致,六级,
3345,井,六级,
3346,颈椎,六级,
3347,警告,六级,
3348,警惕,六级,
3349,竞赛,六级,
3350,竞选,六级,
3351,敬礼,六级,
3352,敬业,六级,
3353,境界,六级,
3354,镜头,六级,
3355,纠纷,六级,
3356,纠正,六级,
3357,酒精,六级,
3358,救济,六级,
3359,就近,六级,
3360,就业,六级,
3361,就职,六级,
3362,拘留,六级,
3363,拘束,六级,
3364,居民,六级,
3365,居住,六级,
3366,鞠躬,六级,
3367,局部,六级,
3368,局面,六级,
3369,局势,六级,
3370,局限,六级,
3371,咀嚼,六级,
3372,沮丧,六级,
3373,举动,六级,
3374,举世瞩目,六级,
3375,举足轻重,六级,
3376,剧本,六级,
3377,剧烈,六级,
3378,据悉,六级,
3379,聚精会神,六级,
3380,卷,六级,
3381,决策,六级,
3382,觉悟,六级,
3383,觉醒,六级,
3384,绝望,六级,
3385,倔强,六级,
3386,军队,六级,
3387,君子,六级,
3388,卡通,六级,
3389,开采,六级,
3390,开除,六级,
3391,开阔,六级,
3392,开朗,六级,
3393,开明,六级,
3394,开辟,六级,
3395,开拓,六级,
3396,开展,六级,
3397,开支,六级,
3398,刊登,六级,
3399,刊物,六级,
3400,勘探,六级,
3401,侃侃而谈,六级,
3402,砍伐,六级,
3403,看待,六级,
3404,慷慨,六级,
3405,扛,六级,
3406,抗议,六级,
3407,考察,六级,
3408,考古,六级,
3409,考核,六级,
3410,考验,六级,
3411,靠拢,六级,
3412,科目,六级,
3413,磕,六级,
3414,可观,六级,
3415,可口,六级,
3416,可恶,六级,
3417,可行,六级,
3418,渴望,六级,
3419,克制,六级,
3420,刻不容缓,六级,
3421,客户,六级,
3422,课题,六级,
3423,恳切,六级,
3424,啃,六级,
3425,坑,六级,
3426,空洞,六级,
3427,空前绝后,六级,
3428,空想,六级,
3429,空虚,六级,
3430,孔,六级,
3431,恐怖,六级,
3432,恐吓,六级,
3433,恐惧,六级,
3434,空白,六级,
3435,空隙,六级,
3436,口气,六级,
3437,口腔,六级,
3438,口头,六级,
3439,口音,六级,
3440,扣,六级,
3441,枯萎,六级,
3442,枯燥,六级,
3443,哭泣,六级,
3444,苦尽甘来,六级,
3445,苦涩,六级,
3446,挎,六级,
3447,跨,六级,
3448,快活,六级,
3449,宽敞,六级,
3450,宽容,六级,
3451,款待,六级,
3452,款式,六级,
3453,筐,六级,
3454,旷课,六级,
3455,况且,六级,
3456,矿产,六级,
3457,框架,六级,
3458,亏待,六级,
3459,亏损,六级,
3460,捆绑,六级,
3461,扩充,六级,
3462,扩散,六级,
3463,扩张,六级,
3464,喇叭,六级,
3465,蜡烛,六级,
3466,啦,六级,
3467,来历,六级,
3468,来源,六级,
3469,栏目,六级,
3470,懒惰,六级,
3471,狼狈,六级,
3472,狼吞虎咽,六级,
3473,捞,六级,
3474,牢固,六级,
3475,牢骚,六级,
3476,唠叨,六级,
3477,乐趣,六级,
3478,乐意,六级,
3479,雷达,六级,
3480,类似,六级,
3481,冷酷,六级,
3482,冷落,六级,
3483,冷却,六级,
3484,愣,六级,
3485,黎明,六级,
3486,礼节,六级,
3487,礼尚往来,六级,
3488,里程碑,六级,
3489,理睬,六级,
3490,理所当然,六级,
3491,理直气壮,六级,
3492,理智,六级,
3493,力求,六级,
3494,力所能及,六级,
3495,力争,六级,
3496,历代,六级,
3497,历来,六级,
3498,立场,六级,
3499,立方,六级,
3500,立交桥,六级,
3501,立体,六级,
3502,立足,六级,
3503,利害,六级,
3504,例外,六级,
3505,粒,六级,
3506,连年,六级,
3507,连锁,六级,
3508,连同,六级,
3509,联欢,六级,
3510,联络,六级,
3511,联盟,六级,
3512,联想,六级,
3513,廉洁,六级,
3514,良心,六级,
3515,谅解,六级,
3516,晾,六级,
3517,辽阔,六级,
3518,列举,六级,
3519,临床,六级,
3520,淋,六级,
3521,吝啬,六级,
3522,伶俐,六级,
3523,灵感,六级,
3524,灵魂,六级,
3525,灵敏,六级,
3526,凌晨,六级,
3527,零星,六级,
3528,领会,六级,
3529,领事馆,六级,
3530,领土,六级,
3531,领悟,六级,
3532,领先,六级,
3533,领袖,六级,
3534,溜,六级,
3535,留恋,六级,
3536,留念,六级,
3537,留神,六级,
3538,流浪,六级,
3539,流露,六级,
3540,流氓,六级,
3541,流通,六级,
3542,聋哑,六级,
3543,隆重,六级,
3544,垄断,六级,
3545,笼罩,六级,
3546,搂,六级,
3547,炉灶,六级,
3548,屡次,六级,
3549,履行,六级,
3550,掠夺,六级,
3551,轮船,六级,
3552,轮廓,六级,
3553,轮胎,六级,
3554,论坛,六级,
3555,论证,六级,
3556,啰唆,六级,
3557,络绎不绝,六级,
3558,落成,六级,
3559,落实,六级,
3560,麻痹,六级,
3561,麻木,六级,
3562,麻醉,六级,
3563,码头,六级,
3564,蚂蚁,六级,
3565,嘛,六级,
3566,埋伏,六级,
3567,埋没,六级,
3568,埋葬,六级,
3569,迈,六级,
3570,脉搏,六级,
3571,埋怨,六级,
3572,蔓延,六级,
3573,漫长,六级,
3574,漫画,六级,
3575,慢性,六级,
3576,忙碌,六级,
3577,盲目,六级,
3578,茫茫,六级,
3579,茫然,六级,
3580,茂盛,六级,
3581,冒充,六级,
3582,冒犯,六级,
3583,枚,六级,
3584,媒介,六级,
3585,美观,六级,
3586,美满,六级,
3587,美妙,六级,
3588,萌芽,六级,
3589,猛烈,六级,
3590,眯,六级,
3591,弥补,六级,
3592,弥漫,六级,
3593,迷惑,六级,
3594,迷人,六级,
3595,迷信,六级,
3596,谜语,六级,
3597,密度,六级,
3598,密封,六级,
3599,棉花,六级,
3600,免得,六级,
3601,免疫,六级,
3602,勉励,六级,
3603,勉强,六级,
3604,面貌,六级,
3605,面子,六级,
3606,描绘,六级,
3607,瞄准,六级,
3608,渺小,六级,
3609,藐视,六级,
3610,灭亡,六级,
3611,蔑视,六级,
3612,民间,六级,
3613,民主,六级,
3614,敏捷,六级,
3615,敏锐,六级,
3616,名次,六级,
3617,名额,六级,
3618,名副其实,六级,
3619,名誉,六级,
3620,明明,六级,
3621,明智,六级,
3622,命名,六级,
3623,摸索,六级,
3624,模范,六级,
3625,模式,六级,
3626,模型,六级,
3627,膜,六级,
3628,摩擦,六级,
3629,磨合,六级,
3630,魔鬼,六级,
3631,魔术,六级,
3632,抹杀,六级,
3633,莫名其妙,六级,
3634,墨水儿,六级,
3635,默默,六级,
3636,谋求,六级,
3637,模样,六级,
3638,母语,六级,
3639,目睹,六级,
3640,目光,六级,
3641,沐浴,六级,
3642,拿手,六级,
3643,纳闷儿,六级,
3644,耐用,六级,
3645,南辕北辙,六级,
3646,难得,六级,
3647,难堪,六级,
3648,难能可贵,六级,
3649,恼火,六级,
3650,内涵,六级,
3651,内幕,六级,
3652,内在,六级,
3653,能量,六级,
3654,拟定,六级,
3655,逆行,六级,
3656,年度,六级,
3657,捏,六级,
3658,凝固,六级,
3659,凝聚,六级,
3660,凝视,六级,
3661,拧,六级,
3662,宁肯,六级,
3663,宁愿,六级,
3664,扭转,六级,
3665,纽扣儿,六级,
3666,农历,六级,
3667,浓厚,六级,
3668,奴隶,六级,
3669,虐待,六级,
3670,挪,六级,
3671,哦,六级,
3672,殴打,六级,
3673,呕吐,六级,
3674,偶像,六级,
3675,趴,六级,
3676,排斥,六级,
3677,排除,六级,
3678,排放,六级,
3679,排练,六级,
3680,徘徊,六级,
3681,派别,六级,
3682,派遣,六级,
3683,攀登,六级,
3684,盘旋,六级,
3685,判决,六级,
3686,畔,六级,
3687,庞大,六级,
3688,抛弃,六级,
3689,泡沫,六级,
3690,培育,六级,
3691,配备,六级,
3692,配偶,六级,
3693,配套,六级,
3694,盆地,六级,
3695,烹饪,六级,
3696,捧,六级,
3697,批发,六级,
3698,批判,六级,
3699,劈,六级,
3700,皮革,六级,
3701,疲惫,六级,
3702,疲倦,六级,
3703,屁股,六级,
3704,譬如,六级,
3705,偏差,六级,
3706,偏见,六级,
3707,偏僻,六级,
3708,偏偏,六级,
3709,片断,六级,
3710,片刻,六级,
3711,漂浮,六级,
3712,飘扬,六级,
3713,撇,六级,
3714,拼搏,六级,
3715,拼命,六级,
3716,贫乏,六级,
3717,贫困,六级,
3718,频繁,六级,
3719,频率,六级,
3720,品尝,六级,
3721,品德,六级,
3722,品质,六级,
3723,品种,六级,
3724,平凡,六级,
3725,平面,六级,
3726,平坦,六级,
3727,平行,六级,
3728,平庸,六级,
3729,平原,六级,
3730,评估,六级,
3731,评论,六级,
3732,屏幕,六级,
3733,屏障,六级,
3734,坡,六级,
3735,泼,六级,
3736,颇,六级,
3737,迫不及待,六级,
3738,迫害,六级,
3739,破例,六级,
3740,魄力,六级,
3741,扑,六级,
3742,铺,六级,
3743,朴实,六级,
3744,朴素,六级,
3745,普及,六级,
3746,瀑布,六级,
3747,凄凉,六级,
3748,期望,六级,
3749,期限,六级,
3750,欺负,六级,
3751,欺骗,六级,
3752,齐全,六级,
3753,齐心协力,六级,
3754,奇妙,六级,
3755,歧视,六级,
3756,旗袍,六级,
3757,旗帜,六级,
3758,乞丐,六级,
3759,岂有此理,六级,
3760,企图,六级,
3761,启程,六级,
3762,启蒙,六级,
3763,启示,六级,
3764,启事,六级,
3765,起草,六级,
3766,起初,六级,
3767,起伏,六级,
3768,起哄,六级,
3769,起码,六级,
3770,起源,六级,
3771,气概,六级,
3772,气功,六级,
3773,气魄,六级,
3774,气色,六级,
3775,气势,六级,
3776,气味,六级,
3777,气象,六级,
3778,气压,六级,
3779,气质,六级,
3780,迄今为止,六级,
3781,器材,六级,
3782,器官,六级,
3783,掐,六级,
3784,洽谈,六级,
3785,恰当,六级,
3786,恰到好处,六级,
3787,恰巧,六级,
3788,千方百计,六级,
3789,迁就,六级,
3790,迁徙,六级,
3791,牵,六级,
3792,牵扯,六级,
3793,牵制,六级,
3794,谦逊,六级,
3795,签署,六级,
3796,前景,六级,
3797,前提,六级,
3798,潜力,六级,
3799,潜水,六级,
3800,潜移默化,六级,
3801,谴责,六级,
3802,强制,六级,
3803,抢劫,六级,
3804,抢救,六级,
3805,强迫,六级,
3806,桥梁,六级,
3807,窍门,六级,
3808,翘,六级,
3809,切实,六级,
3810,锲而不舍,六级,
3811,钦佩,六级,
3812,侵犯,六级,
3813,侵略,六级,
3814,亲密,六级,
3815,亲热,六级,
3816,勤俭,六级,
3817,勤劳,六级,
3818,倾听,六级,
3819,倾向,六级,
3820,倾斜,六级,
3821,清澈,六级,
3822,清晨,六级,
3823,清除,六级,
3824,清洁,六级,
3825,清理,六级,
3826,清晰,六级,
3827,清醒,六级,
3828,清真,六级,
3829,情报,六级,
3830,情节,六级,
3831,情理,六级,
3832,情形,六级,
3833,晴朗,六级,
3834,请柬,六级,
3835,请教,六级,
3836,请示,六级,
3837,请帖,六级,
3838,丘陵,六级,
3839,区分,六级,
3840,区域,六级,
3841,曲折,六级,
3842,驱逐,六级,
3843,屈服,六级,
3844,渠道,六级,
3845,曲子,六级,
3846,取缔,六级,
3847,趣味,六级,
3848,圈套,六级,
3849,权衡,六级,
3850,权威,六级,
3851,全局,六级,
3852,全力以赴,六级,
3853,拳头,六级,
3854,犬,六级,
3855,缺口,六级,
3856,缺席,六级,
3857,缺陷,六级,
3858,瘸,六级,
3859,确保,六级,
3860,确立,六级,
3861,确切,六级,
3862,确信,六级,
3863,群众,六级,
3864,染,六级,
3865,嚷,六级,
3866,让步,六级,
3867,饶恕,六级,
3868,扰乱,六级,
3869,惹祸,六级,
3870,热泪盈眶,六级,
3871,热门,六级,
3872,人道,六级,
3873,人格,六级,
3874,人工,六级,
3875,人家,六级,
3876,人间,六级,
3877,人士,六级,
3878,人为,六级,
3879,人性,六级,
3880,人质,六级,
3881,仁慈,六级,
3882,忍耐,六级,
3883,忍受,六级,
3884,认定,六级,
3885,认可,六级,
3886,任命,六级,
3887,任性,六级,
3888,任意,六级,
3889,任重道远,六级,
3890,仍旧,六级,
3891,日新月异,六级,
3892,日益,六级,
3893,荣幸,六级,
3894,荣誉,六级,
3895,容貌,六级,
3896,容纳,六级,
3897,容器,六级,
3898,容忍,六级,
3899,溶解,六级,
3900,融化,六级,
3901,融洽,六级,
3902,柔和,六级,
3903,揉,六级,
3904,儒家,六级,
3905,若干,六级,
3906,弱点,六级,
3907,撒谎,六级,
3908,散文,六级,
3909,散布,六级,
3910,散发,六级,
3911,丧失,六级,
3912,骚扰,六级,
3913,嫂子,六级,
3914,刹车,六级,
3915,啥,六级,
3916,筛选,六级,
3917,山脉,六级,
3918,闪烁,六级,
3919,擅长,六级,
3920,擅自,六级,
3921,伤脑筋,六级,
3922,商标,六级,
3923,上级,六级,
3924,上进,六级,
3925,上任,六级,
3926,上瘾,六级,
3927,上游,六级,
3928,尚且,六级,
3929,捎,六级,
3930,梢,六级,
3931,哨,六级,
3932,奢侈,六级,
3933,舌头,六级,
3934,设立,六级,
3935,设想,六级,
3936,设置,六级,
3937,社区,六级,
3938,涉及,六级,
3939,摄氏度,六级,
3940,申报,六级,
3941,呻吟,六级,
3942,绅士,六级,
3943,深奥,六级,
3944,深沉,六级,
3945,深情厚谊,六级,
3946,神经,六级,
3947,神奇,六级,
3948,神气,六级,
3949,神圣,六级,
3950,神态,六级,
3951,神仙,六级,
3952,审查,六级,
3953,审理,六级,
3954,审美,六级,
3955,审判,六级,
3956,渗透,六级,
3957,慎重,六级,
3958,生存,六级,
3959,生机,六级,
3960,生理,六级,
3961,生疏,六级,
3962,生态,六级,
3963,生物,六级,
3964,生肖,六级,
3965,生效,六级,
3966,生锈,六级,
3967,生育,六级,
3968,声明,六级,
3969,声势,六级,
3970,声誉,六级,
3971,牲畜,六级,
3972,省会,六级,
3973,胜负,六级,
3974,盛产,六级,
3975,盛开,六级,
3976,盛情,六级,
3977,盛行,六级,
3978,尸体,六级,
3979,失事,六级,
3980,失误,六级,
3981,失踪,六级,
3982,师范,六级,
3983,施加,六级,
3984,施展,六级,
3985,十足,六级,
3986,石油,六级,
3987,时常,六级,
3988,时而,六级,
3989,时光,六级,
3990,时机,六级,
3991,时事,六级,
3992,识别,六级,
3993,实惠,六级,
3994,实力,六级,
3995,实施,六级,
3996,实事求是,六级,
3997,实行,六级,
3998,实质,六级,
3999,拾,六级,
4000,使命,六级,
4001,示范,六级,
4002,示威,六级,
4003,示意,六级,
4004,世代,六级,
4005,势必,六级,
4006,势力,六级,
4007,事故,六级,
4008,事迹,六级,
4009,事件,六级,
4010,事态,六级,
4011,事务,六级,
4012,事项,六级,
4013,事业,六级,
4014,试图,六级,
4015,试验,六级,
4016,视力,六级,
4017,视频,六级,
4018,视线,六级,
4019,视野,六级,
4020,是非,六级,
4021,适宜,六级,
4022,逝世,六级,
4023,释放,六级,
4024,收藏,六级,
4025,收缩,六级,
4026,收益,六级,
4027,收音机,六级,
4028,手法,六级,
4029,手势,六级,
4030,手艺,六级,
4031,守护,六级,
4032,首饰,六级,
4033,首要,六级,
4034,受罪,六级,
4035,授予,六级,
4036,书法,六级,
4037,书籍,六级,
4038,书记,六级,
4039,书面,六级,
4040,舒畅,六级,
4041,疏忽,六级,
4042,疏远,六级,
4043,束,六级,
4044,束缚,六级,
4045,树立,六级,
4046,竖,六级,
4047,数额,六级,
4048,耍,六级,
4049,衰老,六级,
4050,衰退,六级,
4051,率领,六级,
4052,涮火锅,六级,
4053,双胞胎,六级,
4054,爽快,六级,
4055,水利,六级,
4056,水龙头,六级,
4057,水泥,六级,
4058,瞬间,六级,
4059,司法,六级,
4060,司令,六级,
4061,私自,六级,
4062,思念,六级,
4063,思索,六级,
4064,思维,六级,
4065,斯文,六级,
4066,死亡,六级,
4067,四肢,六级,
4068,寺庙,六级,
4069,饲养,六级,
4070,肆无忌惮,六级,
4071,耸,六级,
4072,艘,六级,
4073,苏醒,六级,
4074,俗话,六级,
4075,诉讼,六级,
4076,素食,六级,
4077,素质,六级,
4078,塑造,六级,
4079,算数,六级,
4080,随即,六级,
4081,随意,六级,
4082,岁月,六级,
4083,隧道,六级,
4084,损坏,六级,
4085,索取,六级,
4086,索性,六级,
4087,塌,六级,
4088,踏实,六级,
4089,塔,六级,
4090,台风,六级,
4091,太空,六级,
4092,泰斗,六级,
4093,贪婪,六级,
4094,贪污,六级,
4095,摊,六级,
4096,瘫痪,六级,
4097,弹性,六级,
4098,坦白,六级,
4099,叹气,六级,
4100,探测,六级,
4101,探索,六级,
4102,探讨,六级,
4103,探望,六级,
4104,倘若,六级,
4105,掏,六级,
4106,滔滔不绝,六级,
4107,陶瓷,六级,
4108,陶醉,六级,
4109,淘汰,六级,
4110,讨好,六级,
4111,特长,六级,
4112,特定,六级,
4113,特意,六级,
4114,提拔,六级,
4115,提炼,六级,
4116,提示,六级,
4117,提议,六级,
4118,题材,六级,
4119,体裁,六级,
4120,体积,六级,
4121,体谅,六级,
4122,体面,六级,
4123,体系,六级,
4124,天才,六级,
4125,天赋,六级,
4126,天伦之乐,六级,
4127,天然气,六级,
4128,天生,六级,
4129,天堂,六级,
4130,天文,六级,
4131,田径,六级,
4132,田野,六级,
4133,舔,六级,
4134,挑剔,六级,
4135,条款,六级,
4136,条理,六级,
4137,条约,六级,
4138,调和,六级,
4139,调剂,六级,
4140,调节,六级,
4141,调解,六级,
4142,调料,六级,
4143,挑拨,六级,
4144,挑衅,六级,
4145,跳跃,六级,
4146,亭子,六级,
4147,停泊,六级,
4148,停顿,六级,
4149,停滞,六级,
4150,挺拔,六级,
4151,通货膨胀,六级,
4152,通缉,六级,
4153,通俗,六级,
4154,通讯,六级,
4155,通用,六级,
4156,同胞,六级,
4157,同志,六级,
4158,铜,六级,
4159,童话,六级,
4160,统筹兼顾,六级,
4161,统计,六级,
4162,统统,六级,
4163,统治,六级,
4164,投机,六级,
4165,投票,六级,
4166,投诉,六级,
4167,投降,六级,
4168,投掷,六级,
4169,透露,六级,
4170,秃,六级,
4171,突破,六级,
4172,图案,六级,
4173,徒弟,六级,
4174,途径,六级,
4175,涂抹,六级,
4176,土壤,六级,
4177,团结,六级,
4178,团体,六级,
4179,团圆,六级,
4180,推测,六级,
4181,推翻,六级,
4182,推理,六级,
4183,推论,六级,
4184,推销,六级,
4185,吞吞吐吐,六级,
4186,托运,六级,
4187,拖延,六级,
4188,脱离,六级,
4189,妥当,六级,
4190,妥善,六级,
4191,妥协,六级,
4192,椭圆,六级,
4193,唾弃,六级,
4194,挖掘,六级,
4195,哇,六级,
4196,娃娃,六级,
4197,瓦解,六级,
4198,歪曲,六级,
4199,外表,六级,
4200,外行,六级,
4201,外界,六级,
4202,外向,六级,
4203,丸,六级,
4204,完备,六级,
4205,完毕,六级,
4206,玩弄,六级,
4207,玩意儿,六级,
4208,顽固,六级,
4209,顽强,六级,
4210,挽回,六级,
4211,挽救,六级,
4212,惋惜,六级,
4213,万分,六级,
4214,往常,六级,
4215,往事,六级,
4216,妄想,六级,
4217,危机,六级,
4218,威风,六级,
4219,威力,六级,
4220,威望,六级,
4221,威信,六级,
4222,微不足道,六级,
4223,微观,六级,
4224,为难,六级,
4225,为期,六级,
4226,违背,六级,
4227,唯独,六级,
4228,维持,六级,
4229,维护,六级,
4230,维生素,六级,
4231,伪造,六级,
4232,委托,六级,
4233,委员,六级,
4234,卫星,六级,
4235,未免,六级,
4236,畏惧,六级,
4237,蔚蓝,六级,
4238,慰问,六级,
4239,温带,六级,
4240,温和,六级,
4241,文凭,六级,
4242,文物,六级,
4243,文献,六级,
4244,文雅,六级,
4245,文艺,六级,
4246,问世,六级,
4247,窝,六级,
4248,乌黑,六级,
4249,污蔑,六级,
4250,诬陷,六级,
4251,无比,六级,
4252,无偿,六级,
4253,无耻,六级,
4254,无动于衷,六级,
4255,无非,六级,
4256,无辜,六级,
4257,无精打采,六级,
4258,无赖,六级,
4259,无理取闹,六级,
4260,无能为力,六级,
4261,无穷无尽,六级,
4262,无微不至,六级,
4263,无忧无虑,六级,
4264,无知,六级,
4265,武器,六级,
4266,武侠,六级,
4267,武装,六级,
4268,侮辱,六级,
4269,舞蹈,六级,
4270,务必,六级,
4271,物美价廉,六级,
4272,物业,六级,
4273,物资,六级,
4274,误差,六级,
4275,误解,六级,
4276,夕阳,六级,
4277,昔日,六级,
4278,牺牲,六级,
4279,溪,六级,
4280,熄灭,六级,
4281,膝盖,六级,
4282,习俗,六级,
4283,袭击,六级,
4284,媳妇,六级,
4285,喜闻乐见,六级,
4286,喜悦,六级,
4287,系列,六级,
4288,细胞,六级,
4289,细菌,六级,
4290,细致,六级,
4291,峡谷,六级,
4292,狭隘,六级,
4293,狭窄,六级,
4294,霞,六级,
4295,下属,六级,
4296,先进,六级,
4297,先前,六级,
4298,纤维,六级,
4299,掀起,六级,
4300,鲜明,六级,
4301,闲话,六级,
4302,贤惠,六级,
4303,弦,六级,
4304,衔接,六级,
4305,嫌,六级,
4306,嫌疑,六级,
4307,显著,六级,
4308,现场,六级,
4309,现成,六级,
4310,现状,六级,
4311,线索,六级,
4312,宪法,六级,
4313,陷害,六级,
4314,陷阱,六级,
4315,陷入,六级,
4316,馅儿,六级,
4317,乡镇,六级,
4318,相差,六级,
4319,相等,六级,
4320,相辅相成,六级,
4321,相应,六级,
4322,镶嵌,六级,
4323,响亮,六级,
4324,响应,六级,
4325,想方设法,六级,
4326,向导,六级,
4327,向来,六级,
4328,向往,六级,
4329,巷,六级,
4330,相声,六级,
4331,削,六级,
4332,消除,六级,
4333,消毒,六级,
4334,消防,六级,
4335,消耗,六级,
4336,消灭,六级,
4337,销毁,六级,
4338,潇洒,六级,
4339,小心翼翼,六级,
4340,肖像,六级,
4341,效益,六级,
4342,协会,六级,
4343,协商,六级,
4344,协调,六级,
4345,协议,六级,
4346,协助,六级,
4347,携带,六级,
4348,泄露,六级,
4349,泄气,六级,
4350,屑,六级,
4351,谢绝,六级,
4352,心得,六级,
4353,心甘情愿,六级,
4354,心灵,六级,
4355,心态,六级,
4356,心疼,六级,
4357,心血,六级,
4358,心眼儿,六级,
4359,辛勤,六级,
4360,欣慰,六级,
4361,欣欣向荣,六级,
4362,新陈代谢,六级,
4363,新郎,六级,
4364,新娘,六级,
4365,新颖,六级,
4366,薪水,六级,
4367,信赖,六级,
4368,信念,六级,
4369,信仰,六级,
4370,信誉,六级,
4371,兴隆,六级,
4372,兴旺,六级,
4373,腥,六级,
4374,刑事,六级,
4375,行政,六级,
4376,形态,六级,
4377,兴高采烈,六级,
4378,兴致勃勃,六级,
4379,性感,六级,
4380,性命,六级,
4381,性能,六级,
4382,凶恶,六级,
4383,凶手,六级,
4384,汹涌,六级,
4385,胸怀,六级,
4386,胸膛,六级,
4387,雄厚,六级,
4388,雄伟,六级,
4389,修复,六级,
4390,修建,六级,
4391,修养,六级,
4392,羞耻,六级,
4393,绣,六级,
4394,嗅觉,六级,
4395,须知,六级,
4396,虚假,六级,
4397,虚荣,六级,
4398,虚伪,六级,
4399,需求,六级,
4400,许可,六级,
4401,序言,六级,
4402,畜牧,六级,
4403,酗酒,六级,
4404,宣誓,六级,
4405,宣扬,六级,
4406,喧哗,六级,
4407,悬挂,六级,
4408,悬念,六级,
4409,悬殊,六级,
4410,悬崖峭壁,六级,
4411,旋律,六级,
4412,旋转,六级,
4413,选拔,六级,
4414,选举,六级,
4415,选手,六级,
4416,炫耀,六级,
4417,削弱,六级,
4418,学说,六级,
4419,学位,六级,
4420,雪上加霜,六级,
4421,血压,六级,
4422,熏陶,六级,
4423,寻觅,六级,
4424,巡逻,六级,
4425,循环,六级,
4426,循序渐进,六级,
4427,压迫,六级,
4428,压岁钱,六级,
4429,压缩,六级,
4430,压抑,六级,
4431,压榨,六级,
4432,压制,六级,
4433,鸦雀无声,六级,
4434,亚军,六级,
4435,烟花爆竹,六级,
4436,淹没,六级,
4437,延期,六级,
4438,延伸,六级,
4439,延续,六级,
4440,严寒,六级,
4441,严禁,六级,
4442,严峻,六级,
4443,严厉,六级,
4444,严密,六级,
4445,言论,六级,
4446,岩石,六级,
4447,炎热,六级,
4448,沿海,六级,
4449,掩盖,六级,
4450,掩护,六级,
4451,掩饰,六级,
4452,眼光,六级,
4453,眼色,六级,
4454,眼神,六级,
4455,演变,六级,
4456,演习,六级,
4457,演绎,六级,
4458,演奏,六级,
4459,厌恶,六级,
4460,验收,六级,
4461,验证,六级,
4462,氧气,六级,
4463,样品,六级,
4464,谣言,六级,
4465,摇摆,六级,
4466,摇滚,六级,
4467,遥控,六级,
4468,遥远,六级,
4469,要点,六级,
4470,要命,六级,
4471,要素,六级,
4472,耀眼,六级,
4473,野蛮,六级,
4474,野心,六级,
4475,液体,六级,
4476,一度,六级,
4477,一帆风顺,六级,
4478,一贯,六级,
4479,一举两得,六级,
4480,一流,六级,
4481,一目了然,六级,
4482,一如既往,六级,
4483,一丝不苟,六级,
4484,一向,六级,
4485,衣裳,六级,
4486,依旧,六级,
4487,依据,六级,
4488,依靠,六级,
4489,依赖,六级,
4490,依托,六级,
4491,仪器,六级,
4492,仪式,六级,
4493,遗产,六级,
4494,遗传,六级,
4495,遗留,六级,
4496,遗失,六级,
4497,疑惑,六级,
4498,以便,六级,
4499,以免,六级,
4500,以往,六级,
4501,以至,六级,
4502,以致,六级,
4503,亦,六级,
4504,异常,六级,
4505,意料,六级,
4506,意识,六级,
4507,意图,六级,
4508,意味着,六级,
4509,意向,六级,
4510,意志,六级,
4511,毅力,六级,
4512,毅然,六级,
4513,翼,六级,
4514,阴谋,六级,
4515,音响,六级,
4516,引导,六级,
4517,引擎,六级,
4518,引用,六级,
4519,饮食,六级,
4520,隐蔽,六级,
4521,隐患,六级,
4522,隐瞒,六级,
4523,隐私,六级,
4524,隐约,六级,
4525,英明,六级,
4526,英勇,六级,
4527,婴儿,六级,
4528,迎面,六级,
4529,盈利,六级,
4530,应酬,六级,
4531,应邀,六级,
4532,拥护,六级,
4533,拥有,六级,
4534,庸俗,六级,
4535,永恒,六级,
4536,勇于,六级,
4537,涌现,六级,
4538,踊跃,六级,
4539,用户,六级,
4540,优胜劣汰,六级,
4541,优先,六级,
4542,优异,六级,
4543,优越,六级,
4544,忧郁,六级,
4545,犹如,六级,
4546,油腻,六级,
4547,油漆,六级,
4548,有条不紊,六级,
4549,幼稚,六级,
4550,诱惑,六级,
4551,渔民,六级,
4552,愚蠢,六级,
4553,愚昧,六级,
4554,舆论,六级,
4555,与日俱增,六级,
4556,宇宙,六级,
4557,羽绒服,六级,
4558,玉,六级,
4559,预料,六级,
4560,预期,六级,
4561,预算,六级,
4562,预先,六级,
4563,预言,六级,
4564,预兆,六级,
4565,欲望,六级,
4566,寓言,六级,
4567,愈,六级,
4568,冤枉,六级,
4569,元首,六级,
4570,元素,六级,
4571,元宵节,六级,
4572,园林,六级,
4573,原告,六级,
4574,原理,六级,
4575,原始,六级,
4576,原先,六级,
4577,圆满,六级,
4578,缘故,六级,
4579,源泉,六级,
4580,约束,六级,
4581,乐谱,六级,
4582,岳母,六级,
4583,孕育,六级,
4584,运算,六级,
4585,运行,六级,
4586,酝酿,六级,
4587,蕴藏,六级,
4588,熨,六级,
4589,杂技,六级,
4590,杂交,六级,
4591,砸,六级,
4592,咋,六级,
4593,灾难,六级,
4594,栽培,六级,
4595,宰,六级,
4596,再接再厉,六级,
4597,在意,六级,
4598,攒,六级,
4599,暂且,六级,
4600,赞叹,六级,
4601,赞助,六级,
4602,遭受,六级,
4603,遭殃,六级,
4604,遭遇,六级,
4605,糟蹋,六级,
4606,造型,六级,
4607,噪音,六级,
4608,责怪,六级,
4609,贼,六级,
4610,增添,六级,
4611,赠送,六级,
4612,扎,六级,
4613,扎实,六级,
4614,渣,六级,
4615,眨,六级,
4616,诈骗,六级,
4617,摘要,六级,
4618,债券,六级,
4619,沾光,六级,
4620,瞻仰,六级,
4621,斩钉截铁,六级,
4622,展示,六级,
4623,展望,六级,
4624,展现,六级,
4625,崭新,六级,
4626,占据,六级,
4627,占领,六级,
4628,战斗,六级,
4629,战略,六级,
4630,战术,六级,
4631,战役,六级,
4632,章程,六级,
4633,帐篷,六级,
4634,障碍,六级,
4635,招标,六级,
4636,招收,六级,
4637,朝气蓬勃,六级,
4638,着迷,六级,
4639,沼泽,六级,
4640,照样,六级,
4641,照耀,六级,
4642,折腾,六级,
4643,遮挡,六级,
4644,折,六级,
4645,折磨,六级,
4646,侦探,六级,
4647,珍贵,六级,
4648,珍稀,六级,
4649,珍珠,六级,
4650,真理,六级,
4651,真相,六级,
4652,真挚,六级,
4653,斟酌,六级,
4654,枕头,六级,
4655,阵地,六级,
4656,阵容,六级,
4657,振奋,六级,
4658,振兴,六级,
4659,震撼,六级,
4660,震惊,六级,
4661,镇定,六级,
4662,镇静,六级,
4663,正月,六级,
4664,争端,六级,
4665,争夺,六级,
4666,争气,六级,
4667,争先恐后,六级,
4668,争议,六级,
4669,征服,六级,
4670,征收,六级,
4671,挣扎,六级,
4672,蒸发,六级,
4673,整顿,六级,
4674,正当,六级,
4675,正负,六级,
4676,正规,六级,
4677,正经,六级,
4678,正气,六级,
4679,正义,六级,
4680,正宗,六级,
4681,证实,六级,
4682,证书,六级,
4683,郑重,六级,
4684,政策,六级,
4685,政权,六级,
4686,症状,六级,
4687,之际,六级,
4688,支撑,六级,
4689,支出,六级,
4690,支流,六级,
4691,支配,六级,
4692,支援,六级,
4693,支柱,六级,
4694,枝,六级,
4695,知觉,六级,
4696,知足常乐,六级,
4697,脂肪,六级,
4698,执行,六级,
4699,执着,六级,
4700,直播,六级,
4701,直径,六级,
4702,侄子,六级,
4703,值班,六级,
4704,职能,六级,
4705,职位,六级,
4706,职务,六级,
4707,殖民地,六级,
4708,指标,六级,
4709,指定,六级,
4710,指甲,六级,
4711,指令,六级,
4712,指南针,六级,
4713,指示,六级,
4714,指望,六级,
4715,指责,六级,
4716,志气,六级,
4717,制裁,六级,
4718,制服,六级,
4719,制约,六级,
4720,制止,六级,
4721,治安,六级,
4722,治理,六级,
4723,致辞,六级,
4724,致力,六级,
4725,致使,六级,
4726,智力,六级,
4727,智能,六级,
4728,智商,六级,
4729,滞留,六级,
4730,中断,六级,
4731,中立,六级,
4732,中央,六级,
4733,忠诚,六级,
4734,忠实,六级,
4735,终点,六级,
4736,终究,六级,
4737,终身,六级,
4738,终止,六级,
4739,衷心,六级,
4740,肿瘤,六级,
4741,种子,六级,
4742,种族,六级,
4743,众所周知,六级,
4744,种植,六级,
4745,重心,六级,
4746,舟,六级,
4747,州,六级,
4748,周边,六级,
4749,周密,六级,
4750,周年,六级,
4751,周期,六级,
4752,周折,六级,
4753,周转,六级,
4754,粥,六级,
4755,昼夜,六级,
4756,皱纹,六级,
4757,株,六级,
4758,诸位,六级,
4759,逐年,六级,
4760,主办,六级,
4761,主导,六级,
4762,主管,六级,
4763,主流,六级,
4764,主权,六级,
4765,主义,六级,
4766,拄,六级,
4767,嘱咐,六级,
4768,助理,六级,
4769,助手,六级,
4770,住宅,六级,
4771,注射,六级,
4772,注视,六级,
4773,注释,六级,
4774,注重,六级,
4775,驻扎,六级,
4776,著作,六级,
4777,铸造,六级,
4778,拽,六级,
4779,专长,六级,
4780,专程,六级,
4781,专利,六级,
4782,专题,六级,
4783,砖,六级,
4784,转达,六级,
4785,转让,六级,
4786,转移,六级,
4787,转折,六级,
4788,传记,六级,
4789,庄稼,六级,
4790,庄严,六级,
4791,庄重,六级,
4792,装备,六级,
4793,装卸,六级,
4794,壮观,六级,
4795,壮丽,六级,
4796,壮烈,六级,
4797,幢,六级,
4798,追悼,六级,
4799,追究,六级,
4800,坠,六级,
4801,准则,六级,
4802,卓越,六级,
4803,着手,六级,
4804,着想,六级,
4805,着重,六级,
4806,琢磨,六级,
4807,姿态,六级,
4808,资本,六级,
4809,资产,六级,
4810,资深,六级,
4811,资助,六级,
4812,滋润,六级,
4813,滋味,六级,
4814,子弹,六级,
4815,自卑,六级,
4816,自发,六级,
4817,自力更生,六级,
4818,自满,六级,
4819,自主,六级,
4820,宗教,六级,
4821,宗旨,六级,
4822,棕色,六级,
4823,踪迹,六级,
4824,总而言之,六级,
4825,总和,六级,
4826,纵横,六级,
4827,走廊,六级,
4828,走漏,六级,
4829,走私,六级,
4830,揍,六级,
4831,租赁,六级,
4832,足以,六级,
4833,阻碍,六级,
4834,阻拦,六级,
4835,阻挠,六级,
4836,祖父,六级,
4837,祖国,六级,
4838,祖先,六级,
4839,钻研,六级,
4840,钻石,六级,
4841,嘴唇,六级,
4842,罪犯,六级,
4843,尊严,六级,
4844,遵循,六级,
4845,作弊,六级,
4846,作废,六级,
4847,作风,六级,
4848,作息,六级,
4849,座右铭,六级,
4850,做主,六级,
4851,长,二级,形容词
4852,得,二级,助词
4853,等,二级,动词
4854,对,二级,形容词
4855,对,二级,介词
4856,过,二级,助词
4857,还,二级,副词
4858,吧,二级,
4859,白,二级,
4860,百,二级,
4861,帮助,二级,
4862,报纸,二级,
4863,比,二级,
4864,别,二级,
4865,宾馆,二级,
4866,唱歌,二级,
4867,出,二级,
4868,穿,二级,
4869,次,二级,
4870,从,二级,
4871,错,二级,
4872,打篮球,二级,
4873,大家,二级,
4874,到,二级,
4875,弟弟,二级,
4876,第一,二级,
4877,懂,二级,
4878,房间,二级,
4879,非常,二级,
4880,服务员,二级,
4881,高,二级,
4882,告诉,二级,
4883,哥哥,二级,
4884,给,二级,
4885,公共汽车,二级,
4886,公司,二级,
4887,贵,二级,
4888,孩子,二级,
4889,好吃,二级,
4890,黑,二级,
4891,红,二级,
4892,火车站,二级,
4893,机场,二级,
4894,鸡蛋,二级,
4895,件,二级,
4896,教室,二级,
4897,姐姐,二级,
4898,介绍,二级,
4899,进,二级,
4900,近,二级,
4901,就,二级,
4902,觉得,二级,
4903,咖啡,二级,
4904,开始,二级,
4905,考试,二级,
4906,可能,二级,
4907,可以,二级,
4908,课,二级,
4909,快,二级,
4910,快乐,二级,
4911,累,二级,
4912,离,二级,
4913,两,二级,
4914,零,二级,
4915,路,二级,
4916,旅游,二级,
4917,卖,二级,
4918,慢,二级,
4919,忙,二级,
4920,每,二级,
4921,妹妹,二级,
4922,门,二级,
4923,面条,二级,
4924,男,二级,
4925,您,二级,
4926,牛奶,二级,
4927,女,二级,
4928,旁边,二级,
4929,跑步,二级,
4930,便宜,二级,
4931,票,二级,
4932,妻子,二级,
4933,起床,二级,
4934,千,二级,
4935,铅笔,二级,
4936,晴,二级,
4937,去年,二级,
4938,让,二级,
4939,日,二级,
4940,上班,二级,
4941,身体,二级,
4942,生病,二级,
4943,生日,二级,
4944,时间,二级,
4945,事情,二级,
4946,手表,二级,
4947,手机,二级,
4948,说话,二级,
4949,送,二级,
4950,虽然……但是……,二级,
4951,它,二级,
4952,踢足球,二级,
4953,题,二级,
4954,跳舞,二级,
4955,外,二级,
4956,完,二级,
4957,玩,二级,
4958,晚上,二级,
4959,往,二级,
4960,为什么,二级,
4961,问,二级,
4962,问题,二级,
4963,西瓜,二级,
4964,希望,二级,
4965,洗,二级,
4966,小时,二级,
4967,笑,二级,
4968,新,二级,
4969,姓,二级,
4970,休息,二级,
4971,雪,二级,
4972,颜色,二级,
4973,眼睛,二级,
4974,羊肉,二级,
4975,药,二级,
4976,要,二级,
4977,也,二级,
4978,一起,二级,
4979,一下,二级,
4980,已经,二级,
4981,意思,二级,
4982,因为……所以……,二级,
4983,阴,二级,
4984,游泳,二级,
4985,右边,二级,
4986,鱼,二级,
4987,远,二级,
4988,运动,二级,
4989,再,二级,
4990,早上,二级,
4991,丈夫,二级,
4992,找,二级,
4993,着,二级,
4994,真,二级,
4995,正在,二级,
4996,知道,二级,
4997,准备,二级,
4998,走,二级,
4999,最,二级,
5000,左边,二级,
5001,备注：以下为本词库包含的所有级别与词性,"一级,二级,三级,四级,五级,六级","动词,助词,副词,形容词,量词,介词,助动词,叹词,名词"
